,compound,neg,neu,pos,today price,y_price (next day),today-1price,today-2price,today-3price,today-4price,today-5price
0,0.4019,0.0,0.803,0.197,154.10,154.03,154.36,153.68,153.6,153.5,155.88
1,-0.2263,0.058,0.942,0.0,154.10,154.03,154.36,153.68,153.6,153.5,155.88
2,0.0,0.0,1.0,0.0,154.33,154.06,153.68,153.6,153.5,155.88,159.55
3,0.802,0.0,0.796,0.204,156.01,153.5,159.55,162.07,160.9,159.53,146.54
4,0.4019,0.0,0.803,0.197,159.80,160.9,146.54,146.83,147.1,147.03,148.04
5,0.3818,0.0,0.931,0.069,159.80,160.9,146.54,146.83,147.1,147.03,148.04
6,0.0,0.0,1.0,0.0,159.80,160.9,146.54,146.83,147.1,147.03,148.04
7,-0.5719,0.222,0.778,0.0,159.80,160.9,146.54,146.83,147.1,147.03,148.04
8,0.0,0.0,1.0,0.0,159.80,160.9,146.54,146.83,147.1,147.03,148.04
9,0.0,0.0,1.0,0.0,159.80,160.9,146.54,146.83,147.1,147.03,148.04
10,0.6808,0.0,0.849,0.151,159.80,160.9,146.54,146.83,147.1,147.03,148.04
11,0.0,0.0,1.0,0.0,159.80,160.9,146.54,146.83,147.1,147.03,148.04
12,0.5106,0.0,0.87,0.13,159.80,160.9,146.54,146.83,147.1,147.03,148.04
13,0.6124,0.0,0.868,0.132,157.12,159.53,146.83,147.1,147.03,148.04,148.5
14,0.296,0.0,0.879,0.121,157.12,159.53,146.83,147.1,147.03,148.04,148.5
15,0.296,0.0,0.82,0.18,157.12,159.53,146.83,147.1,147.03,148.04,148.5
16,0.1531,0.121,0.742,0.137,157.12,159.53,146.83,147.1,147.03,148.04,148.5
17,0.0,0.0,1.0,0.0,148.40,148.04,147.39,146.48,146.72,146.48,146.78
18,0.0,0.0,1.0,0.0,145.33,145.66,146.56,145.87,145.13,145.26,145.88
19,0.0,0.0,1.0,0.0,145.33,145.66,146.56,145.87,145.13,145.26,145.88
20,0.6249,0.0,0.788,0.212,145.35,145.99,144.86,142.45,142.9,143.82,143.04
21,0.7096,0.0,0.742,0.258,142.10,143.14,143.74,142.94,142.14,141.01,140.33
22,0.0,0.0,1.0,0.0,142.10,143.14,143.74,142.94,142.14,141.01,140.33
23,0.8126,0.0,0.823,0.177,140.70,142.14,140.33,139.7,140.7,142.5,142.07
24,0.8126,0.0,0.83,0.17,140.70,142.14,140.33,139.7,140.7,142.5,142.07
25,0.8126,0.0,0.83,0.17,140.70,142.14,140.33,139.7,140.7,142.5,142.07
26,0.296,0.0,0.804,0.196,142.55,142.07,141.84,141.84,141.77,142.11,143.47
27,0.3182,0.0,0.905,0.095,146.27,145.36,145.99,147.08,147.66,147.53,154.0
28,0.9118,0.0,0.638,0.362,146.27,145.36,145.99,147.08,147.66,147.53,154.0
29,0.296,0.0,0.872,0.128,146.27,145.36,145.99,147.08,147.66,147.53,154.0
30,0.3612,0.046,0.853,0.101,147.53,147.66,154.0,153.01,154.24,153.63,153.7
31,-0.1531,0.151,0.849,0.0,147.53,147.66,154.0,153.01,154.24,153.63,153.7
32,0.4404,0.0,0.707,0.293,147.53,147.66,154.0,153.01,154.24,153.63,153.7
33,0.296,0.0,0.927,0.073,147.53,147.66,154.0,153.01,154.24,153.63,153.7
34,0.34,0.089,0.757,0.154,147.53,147.66,154.0,153.01,154.24,153.63,153.7
35,0.34,0.085,0.769,0.146,147.53,147.66,154.0,153.01,154.24,153.63,153.7
36,0.0,0.0,1.0,0.0,150.02,147.53,153.01,154.24,153.63,153.7,153.19
37,0.0,0.0,1.0,0.0,154.01,154.24,153.7,153.19,153.42,152.94,152.36
38,0.0,0.0,1.0,0.0,153.70,153.63,153.19,153.42,152.94,152.36,153.67
39,0.0,0.0,1.0,0.0,155.00,154.75,154.11,154.4,153.79,154.95,154.84
40,0.0,0.0,1.0,0.0,155.00,154.75,154.11,154.4,153.79,154.95,154.84
41,-0.1779,0.101,0.792,0.107,154.71,155.23,154.4,153.79,154.95,154.84,155.38
42,-0.6249,0.204,0.796,0.0,154.55,154.4,154.95,154.84,155.38,154.22,153.81
43,0.0,0.0,1.0,0.0,154.23,155.38,153.81,154.25,155.18,154.1,152.1
44,0.0,0.0,1.0,0.0,153.29,154.22,154.25,155.18,154.1,152.1,150.98
45,0.0,0.0,1.0,0.0,152.80,152.67,151.73,152.49,153.2,152.51,152.03
46,-0.0772,0.166,0.634,0.2,152.80,152.67,151.73,152.49,153.2,152.51,152.03
47,0.7184,0.0,0.75,0.25,152.80,152.67,151.73,152.49,153.2,152.51,152.03
48,0.0,0.0,1.0,0.0,152.21,152.51,152.64,151.98,150.78,150.93,153.68
49,0.765,0.0,0.915,0.085,152.57,152.03,151.98,150.78,150.93,153.68,151.51
50,-0.7579,0.213,0.787,0.0,152.10,152.64,150.78,150.93,153.68,151.51,150.37
51,-0.7579,0.2,0.8,0.0,152.10,152.64,150.78,150.93,153.68,151.51,150.37
52,0.7096,0.0,0.815,0.185,152.10,152.64,150.78,150.93,153.68,151.51,150.37
53,0.128,0.0,0.923,0.077,151.01,151.98,150.93,153.68,151.51,150.37,150.65
54,0.4939,0.0,0.738,0.262,153.30,150.93,151.51,150.37,150.65,151.25,152.11
55,0.296,0.141,0.577,0.282,151.66,153.68,150.37,150.65,151.25,152.11,153.03
56,0.0,0.0,1.0,0.0,151.66,153.68,150.37,150.65,151.25,152.11,153.03
57,0.0,0.0,1.0,0.0,151.05,150.65,152.11,153.03,155.05,159.05,158.63
58,0.0,0.0,1.0,0.0,160.05,158.84,160.32,160.06,160.39,160.75,160.38
59,0.0,0.0,1.0,0.0,160.29,160.32,160.39,160.75,160.38,162.3,161.69
60,0.6124,0.0,0.688,0.313,160.53,160.06,160.75,160.38,162.3,161.69,170.05
61,0.6808,0.0,0.838,0.162,160.53,160.06,160.75,160.38,162.3,161.69,170.05
62,0.4939,0.0,0.918,0.082,160.53,160.06,160.75,160.38,162.3,161.69,170.05
63,0.4939,0.0,0.922,0.078,160.53,160.06,160.75,160.38,162.3,161.69,170.05
64,0.4939,0.0,0.922,0.078,160.53,160.06,160.75,160.38,162.3,161.69,170.05
65,0.6369,0.054,0.806,0.139,162.05,160.38,161.69,170.05,171.1,169.53,170.66
66,0.0,0.0,1.0,0.0,161.32,162.3,170.05,171.1,169.53,170.66,170.58
67,0.0,0.0,1.0,0.0,161.32,162.3,170.05,171.1,169.53,170.66,170.58
68,0.3612,0.034,0.901,0.065,161.32,162.3,170.05,171.1,169.53,170.66,170.58
69,-0.5267,0.118,0.882,0.0,161.76,161.69,171.1,169.53,170.66,170.58,171.2
70,0.5719,0.088,0.628,0.285,161.76,161.69,171.1,169.53,170.66,170.58,171.2
71,0.0,0.0,1.0,0.0,161.76,161.69,171.1,169.53,170.66,170.58,171.2
72,-0.7783,0.238,0.762,0.0,161.76,161.69,171.1,169.53,170.66,170.58,171.2
73,0.0,0.0,1.0,0.0,171.04,170.66,171.2,172.14,172.45,172.88,174.52
74,0.34,0.0,0.904,0.096,176.01,173.88,175.65,177.24,175.81,175.72,176.46
75,0.0,0.0,1.0,0.0,176.01,173.88,175.65,177.24,175.81,175.72,176.46
76,0.34,0.0,0.904,0.096,176.01,173.88,175.65,177.24,175.81,175.72,176.46
77,0.0,0.0,1.0,0.0,176.01,173.88,175.65,177.24,175.81,175.72,176.46
78,0.34,0.0,0.909,0.091,176.01,173.88,175.65,177.24,175.81,175.72,176.46
79,-0.0258,0.075,0.853,0.072,176.29,175.65,175.81,175.72,176.46,177.83,177.18
80,-0.0258,0.071,0.861,0.068,176.29,175.65,175.81,175.72,176.46,177.83,177.18
81,0.0,0.0,1.0,0.0,176.18,175.72,177.83,177.18,179.45,180.38,180.47
82,0.0387,0.084,0.827,0.088,176.18,175.72,177.83,177.18,179.45,180.38,180.47
83,0.5106,0.0,0.918,0.082,182.00,181.65,180.26,180.67,181.43,181.68,180.13
84,0.1779,0.0,0.914,0.086,181.25,180.67,181.68,180.13,179.36,178.68,177.21
85,0.0,0.0,1.0,0.0,178.57,180.13,178.68,177.21,176.17,178.46,175.86
86,0.296,0.0,0.864,0.136,175.00,174.29,175.8,177.3,178.66,178.29,175.9
87,0.1027,0.0,0.909,0.091,178.47,177.3,178.29,175.9,171.03,170.55,166.81
88,0.4404,0.0,0.805,0.195,178.06,178.66,175.9,171.03,170.55,166.81,166.8
89,0.0,0.0,1.0,0.0,171.36,175.9,170.55,166.81,166.8,167.89,167.34
90,0.0,0.0,1.0,0.0,171.36,175.9,170.55,166.81,166.8,167.89,167.34
91,0.5719,0.111,0.529,0.36,171.36,175.9,170.55,166.81,166.8,167.89,167.34
92,0.0,0.0,1.0,0.0,171.36,175.9,170.55,166.81,166.8,167.89,167.34
93,0.0,0.0,1.0,0.0,170.08,171.03,166.81,166.8,167.89,167.34,167.95
94,0.5927,0.0,0.861,0.139,167.81,170.55,166.8,167.89,167.34,167.95,167.75
95,0.5927,0.0,0.868,0.132,167.81,170.55,166.8,167.89,167.34,167.95,167.75
96,-0.5574,0.195,0.723,0.082,167.81,170.55,166.8,167.89,167.34,167.95,167.75
97,0.5267,0.0,0.732,0.268,167.81,170.55,166.8,167.89,167.34,167.95,167.75
98,-0.4601,0.125,0.875,0.0,167.81,170.55,166.8,167.89,167.34,167.95,167.75
99,0.0,0.0,1.0,0.0,166.96,166.81,167.89,167.34,167.95,167.75,165.52
100,0.0,0.0,1.0,0.0,167.45,166.8,167.34,167.95,167.75,165.52,167.65
101,0.0,0.0,1.0,0.0,167.97,167.34,167.75,165.52,167.65,169.53,168.7
102,-0.5106,0.099,0.901,0.0,163.20,164.52,161.98,162.67,162.77,160.39,159.8
103,-0.5106,0.093,0.907,0.0,163.20,164.52,161.98,162.67,162.77,160.39,159.8
104,0.0,0.0,1.0,0.0,161.83,163.14,162.67,162.77,160.39,159.8,159.29
105,0.0,0.0,1.0,0.0,161.94,161.98,162.77,160.39,159.8,159.29,158.67
106,0.0,0.0,1.0,0.0,159.22,159.8,158.67,158.21,161.27,160.22,154.81
107,0.6908,0.0,0.814,0.186,158.46,159.29,158.21,161.27,160.22,154.81,155.17
108,0.6908,0.0,0.826,0.174,158.46,159.29,158.21,161.27,160.22,154.81,155.17
109,0.0,0.0,1.0,0.0,158.46,159.29,158.21,161.27,160.22,154.81,155.17
110,0.6124,0.0,0.872,0.128,158.46,159.29,158.21,161.27,160.22,154.81,155.17
111,0.3182,0.0,0.913,0.087,152.82,153.35,150.88,150.57,149.63,151.52,151.26
112,0.3182,0.0,0.874,0.126,152.82,153.35,150.88,150.57,149.63,151.52,151.26
113,0.4767,0.0,0.919,0.081,152.82,153.35,150.88,150.57,149.63,151.52,151.26
114,0.4767,0.0,0.923,0.077,152.82,153.35,150.88,150.57,149.63,151.52,151.26
115,0.4019,0.0,0.803,0.197,150.71,151.81,150.57,149.63,151.52,151.26,150.72
116,0.5267,0.0,0.82,0.18,150.40,150.57,151.52,151.26,150.72,154.77,154.45
117,0.6705,0.0,0.82,0.18,151.28,151.52,150.72,154.77,154.45,153.72,154.29
118,0.3818,0.0,0.89,0.11,151.27,151.26,154.77,154.45,153.72,154.29,154.79
119,0.3818,0.0,0.88,0.12,151.27,151.26,154.77,154.45,153.72,154.29,154.79
120,-0.0516,0.155,0.7,0.145,150.02,150.72,154.45,153.72,154.29,154.79,157.02
121,0.128,0.066,0.852,0.082,150.02,150.72,154.45,153.72,154.29,154.79,157.02
122,0.0,0.0,1.0,0.0,154.97,154.29,157.02,155.67,156.88,157.08,156.46
123,0.4939,0.0,0.714,0.286,156.73,154.79,155.67,156.88,157.08,156.46,157.61
124,-0.2732,0.123,0.877,0.0,158.90,158.85,158.29,156.77,153.98,154.98,156.11
125,0.1779,0.0,0.925,0.075,158.90,158.85,158.29,156.77,153.98,154.98,156.11
126,0.2023,0.0,0.951,0.049,158.63,158.11,156.77,153.98,154.98,156.11,155.53
127,0.6597,0.0,0.891,0.109,158.63,158.11,156.77,153.98,154.98,156.11,155.53
128,0.6597,0.0,0.891,0.109,158.63,158.11,156.77,153.98,154.98,156.11,155.53
129,0.2023,0.0,0.954,0.046,158.63,158.11,156.77,153.98,154.98,156.11,155.53
130,0.0,0.0,1.0,0.0,154.32,156.77,154.98,156.11,155.53,154.45,154.87
131,0.8591,0.069,0.638,0.293,154.46,153.98,156.11,155.53,154.45,154.87,153.84
132,0.8591,0.065,0.655,0.28,154.46,153.98,156.11,155.53,154.45,154.87,153.84
133,0.0,0.0,1.0,0.0,155.62,154.98,155.53,154.45,154.87,153.84,155.66
134,0.743,0.026,0.872,0.102,154.91,155.53,154.87,153.84,155.66,154.05,155.81
135,0.0,0.0,1.0,0.0,154.87,154.87,155.66,154.05,155.81,158.29,155.69
136,0.6369,0.0,0.755,0.245,159.76,159.4,158.32,158.63,159.05,160.26,160.0
137,0.0,0.0,1.0,0.0,160.89,161.36,160.7,161.88,161.95,163.53,162.08
138,0.3182,0.0,0.905,0.095,161.11,160.7,161.95,163.53,162.08,161.77,162.04
139,0.0,0.0,1.0,0.0,161.11,160.7,161.95,163.53,162.08,161.77,162.04
140,0.4019,0.0,0.891,0.109,161.38,161.37,162.12,162.65,162.07,160.45,161.36
141,0.4019,0.0,0.899,0.101,161.38,161.37,162.12,162.65,162.07,160.45,161.36
142,0.1027,0.102,0.742,0.156,161.38,161.37,162.12,162.65,162.07,160.45,161.36
143,0.2263,0.09,0.753,0.158,162.12,161.83,162.65,162.07,160.45,161.36,159.58
144,0.296,0.0,0.872,0.128,162.12,161.83,162.65,162.07,160.45,161.36,159.58
145,0.0516,0.125,0.741,0.134,159.97,161.36,159.86,159.78,160.28,158.02,157.04
146,0.0,0.0,1.0,0.0,161.78,159.58,159.78,160.28,158.02,157.04,155.33
147,0.0,0.0,1.0,0.0,161.78,159.58,159.78,160.28,158.02,157.04,155.33
148,-0.2263,0.101,0.826,0.073,161.78,159.58,159.78,160.28,158.02,157.04,155.33
149,0.3818,0.0,0.906,0.094,157.75,158.02,155.33,154.46,152.6,152.37,151.68
150,0.3818,0.0,0.912,0.088,157.75,158.02,155.33,154.46,152.6,152.37,151.68
151,0.0,0.0,1.0,0.0,152.19,152.35,148.46,145.7,143.5,146.59,155.35
152,0.4939,0.0,0.873,0.127,148.86,151.78,145.7,143.5,146.59,155.35,152.92
153,0.0,0.0,1.0,0.0,149.97,146.59,152.92,154.05,153.61,151.99,151.06
154,-0.0258,0.033,0.967,0.0,149.97,146.59,152.92,154.05,153.61,151.99,151.06
155,-0.0258,0.031,0.969,0.0,149.97,146.59,152.92,154.05,153.61,151.99,151.06
156,0.2263,0.102,0.778,0.12,154.16,154.05,151.99,151.06,150.68,151.06,151.28
157,0.0,0.0,1.0,0.0,150.19,151.06,151.06,151.28,152.37,153.42,154.0
158,-0.6705,0.184,0.745,0.07,151.46,150.68,151.28,152.37,153.42,154.0,153.33
159,-0.6705,0.177,0.755,0.068,151.46,150.68,151.28,152.37,153.42,154.0,153.33
160,0.3182,0.0,0.796,0.204,151.46,150.68,151.28,152.37,153.42,154.0,153.33
161,0.802,0.0,0.709,0.291,152.35,152.84,151.69,148.31,146.77,147.25,144.93
162,0.5719,0.063,0.769,0.168,151.55,152.44,148.31,146.77,147.25,144.93,147.34
163,0.5719,0.0,0.748,0.252,147.61,146.77,144.93,147.34,148.0,149.46,147.72
164,0.1779,0.0,0.922,0.078,147.99,147.34,149.46,147.72,148.84,148.95,149.97
165,0.0,0.0,1.0,0.0,147.99,147.34,149.46,147.72,148.84,148.95,149.97
166,0.0,0.0,1.0,0.0,148.79,147.72,148.95,149.97,147.34,147.29,146.47
167,-0.25,0.132,0.787,0.081,149.21,148.84,149.97,147.34,147.29,146.47,144.25
168,-0.25,0.132,0.787,0.081,149.21,148.84,149.97,147.34,147.29,146.47,144.25
169,0.5719,0.0,0.847,0.153,149.71,148.95,147.34,147.29,146.47,144.25,144.13
170,0.6249,0.0,0.866,0.134,146.56,145.27,147.07,150.47,149.08,148.81,148.5
171,-0.5719,0.236,0.764,0.0,149.75,147.07,149.08,148.81,148.5,149.3,146.11
172,0.6124,0.0,0.688,0.313,149.35,150.47,148.81,148.5,149.3,146.11,144.0
173,0.0,0.0,1.0,0.0,144.24,146.11,152.53,151.72,151.16,151.23,149.63
174,-0.7351,0.166,0.785,0.049,144.24,146.11,152.53,151.72,151.16,151.23,149.63
175,0.296,0.0,0.784,0.216,144.24,146.11,152.53,151.72,151.16,151.23,149.63
176,0.0,0.0,1.0,0.0,146.47,144.0,151.72,151.16,151.23,149.63,149.25
177,-0.3612,0.186,0.707,0.106,146.47,144.0,151.72,151.16,151.23,149.63,149.25
178,0.0,0.0,1.0,0.0,150.51,152.52,148.41,149.33,148.4,147.95,145.4
179,0.1779,0.0,0.866,0.134,147.30,148.63,147.04,144.79,142.96,142.78,142.36
180,0.0,0.0,1.0,0.0,142.01,142.78,140.19,140.41,139.07,140.15,137.8
181,0.0,0.0,1.0,0.0,132.24,134.37,132.03,134.5,132.8,132.4,133.77
182,-0.34,0.058,0.942,0.0,132.24,134.37,132.03,134.5,132.8,132.4,133.77
183,0.0,0.0,1.0,0.0,132.24,134.37,132.03,134.5,132.8,132.4,133.77
184,0.0,0.0,1.0,0.0,132.24,134.37,132.03,134.5,132.8,132.4,133.77
185,0.0,0.0,1.0,0.0,132.24,134.37,132.03,134.5,132.8,132.4,133.77
186,0.0,0.0,1.0,0.0,132.24,134.37,132.03,134.5,132.8,132.4,133.77
187,0.7269,0.0,0.785,0.215,132.24,134.37,132.03,134.5,132.8,132.4,133.77
188,0.7269,0.0,0.798,0.202,132.24,134.37,132.03,134.5,132.8,132.4,133.77
189,-0.0516,0.054,0.897,0.049,132.24,134.37,132.03,134.5,132.8,132.4,133.77
190,-0.0516,0.055,0.894,0.05,132.24,134.37,132.03,134.5,132.8,132.4,133.77
191,-0.296,0.063,0.937,0.0,132.00,131.03,134.5,132.8,132.4,133.77,133.08
192,0.2023,0.059,0.806,0.134,133.29,134.5,132.4,133.77,133.08,132.45,126.1
193,0.2023,0.056,0.816,0.128,133.29,134.5,132.4,133.77,133.08,132.45,126.1
194,0.2023,0.059,0.806,0.134,133.29,134.5,132.4,133.77,133.08,132.45,126.1
195,0.2023,0.056,0.816,0.128,133.29,134.5,132.4,133.77,133.08,132.45,126.1
196,0.0,0.0,1.0,0.0,133.14,132.4,133.08,132.45,126.1,122.74,121.04
197,0.0,0.0,1.0,0.0,133.14,132.4,133.08,132.45,126.1,122.74,121.04
198,0.5984,0.0,0.871,0.129,132.36,133.08,126.1,122.74,121.04,117.85,120.19
199,0.0,0.0,1.0,0.0,132.36,133.08,126.1,122.74,121.04,117.85,120.19
200,0.0,0.0,1.0,0.0,132.36,133.08,126.1,122.74,121.04,117.85,120.19
201,0.0,0.0,1.0,0.0,132.36,133.08,126.1,122.74,121.04,117.85,120.19
202,0.0,0.0,1.0,0.0,132.36,133.08,126.1,122.74,121.04,117.85,120.19
203,0.0258,0.035,0.929,0.036,130.00,132.45,122.74,121.04,117.85,120.19,124.07
204,0.6597,0.0,0.833,0.167,130.00,132.45,122.74,121.04,117.85,120.19,124.07
205,0.6597,0.0,0.842,0.158,130.00,132.45,122.74,121.04,117.85,120.19,124.07
206,0.7579,0.0,0.783,0.217,130.00,132.45,122.74,121.04,117.85,120.19,124.07
207,0.7579,0.0,0.795,0.205,130.00,132.45,122.74,121.04,117.85,120.19,124.07
208,0.0577,0.066,0.862,0.072,123.71,126.1,121.04,117.85,120.19,124.07,126.98
209,0.0577,0.066,0.862,0.072,123.71,126.1,121.04,117.85,120.19,124.07,126.98
210,0.0577,0.063,0.868,0.069,123.71,126.1,121.04,117.85,120.19,124.07,126.98
211,-0.296,0.078,0.922,0.0,122.73,120.96,122.08,122.5,122.91,121.86,128.11
212,-0.296,0.073,0.927,0.0,122.73,120.96,122.08,122.5,122.91,121.86,128.11
213,-0.6369,0.133,0.867,0.0,122.25,122.59,122.5,122.91,121.86,128.11,130.03
214,0.0,0.0,1.0,0.0,124.67,122.5,121.86,128.11,130.03,132.91,131.17
215,0.4019,0.0,0.895,0.105,124.67,122.5,121.86,128.11,130.03,132.91,131.17
216,0.4019,0.0,0.903,0.097,124.67,122.5,121.86,128.11,130.03,132.91,131.17
217,0.4019,0.0,0.903,0.097,124.67,122.5,121.86,128.11,130.03,132.91,131.17
218,0.0258,0.139,0.693,0.169,121.30,122.91,128.11,130.03,132.91,131.17,132.9
219,0.0,0.0,1.0,0.0,121.30,122.91,128.11,130.03,132.91,131.17,132.9
220,0.1027,0.082,0.824,0.094,121.30,122.91,128.11,130.03,132.91,131.17,132.9
221,0.1027,0.078,0.833,0.089,121.30,122.91,128.11,130.03,132.91,131.17,132.9
222,0.5106,0.0,0.883,0.117,118.46,121.86,130.03,132.91,131.17,132.9,133.23
223,-0.3182,0.069,0.931,0.0,139.12,139.29,135.93,134.57,136.78,136.61,138.05
224,-0.3182,0.063,0.937,0.0,139.12,139.29,135.93,134.57,136.78,136.61,138.05
225,0.2023,0.0,0.945,0.055,132.95,131.75,135.02,135.47,135.31,138.25,139.89
226,0.2023,0.0,0.948,0.052,132.95,131.75,135.02,135.47,135.31,138.25,139.89
227,-0.3818,0.082,0.918,0.0,136.09,135.02,135.31,138.25,139.89,141.63,141.88
228,0.3182,0.0,0.85,0.15,140.44,140.08,140.83,137.86,143.66,144.68,144.09
229,0.0258,0.158,0.677,0.165,140.44,140.08,140.83,137.86,143.66,144.68,144.09
230,0.5267,0.0,0.839,0.161,140.36,140.55,137.86,143.66,144.68,144.09,140.92
231,0.5267,0.0,0.85,0.15,140.36,140.55,137.86,143.66,144.68,144.09,140.92
232,0.5267,0.0,0.833,0.167,140.36,140.55,137.86,143.66,144.68,144.09,140.92
233,0.2023,0.0,0.933,0.067,140.36,140.55,137.86,143.66,144.68,144.09,140.92
234,0.6124,0.0,0.833,0.167,140.36,140.55,137.86,143.66,144.68,144.09,140.92
235,0.6124,0.0,0.833,0.167,137.92,140.83,143.66,144.68,144.09,140.92,140.64
236,0.6124,0.0,0.842,0.158,137.92,140.83,143.66,144.68,144.09,140.92,140.64
237,0.8074,0.0,0.79,0.21,137.92,140.83,143.66,144.68,144.09,140.92,140.64
238,0.296,0.0,0.872,0.128,137.92,140.83,143.66,144.68,144.09,140.92,140.64
239,0.0258,0.137,0.719,0.144,137.92,140.83,143.66,144.68,144.09,140.92,140.64
240,0.5267,0.0,0.949,0.051,141.74,144.09,140.64,149.22,150.39,150.09,150.01
241,-0.296,0.101,0.849,0.05,140.25,140.92,149.22,150.39,150.09,150.01,149.62
242,0.0,0.0,1.0,0.0,140.25,140.92,149.22,150.39,150.09,150.01,149.62
243,-0.296,0.096,0.855,0.048,140.25,140.92,149.22,150.39,150.09,150.01,149.62
244,-0.296,0.096,0.855,0.048,140.25,140.92,149.22,150.39,150.09,150.01,149.62
245,0.0,0.0,1.0,0.0,140.25,140.92,149.22,150.39,150.09,150.01,149.62
246,-0.25,0.236,0.611,0.153,142.49,140.64,150.39,150.09,150.01,149.62,151.14
247,-0.25,0.224,0.632,0.145,142.49,140.64,150.39,150.09,150.01,149.62,151.14
248,0.4404,0.107,0.662,0.23,142.49,140.64,150.39,150.09,150.01,149.62,151.14
249,0.5423,0.0,0.862,0.138,149.85,149.22,150.09,150.01,149.62,151.14,152.39
250,0.5423,0.0,0.866,0.134,149.85,149.22,150.09,150.01,149.62,151.14,152.39
251,0.5423,0.0,0.866,0.134,149.85,149.22,150.09,150.01,149.62,151.14,152.39
252,0.0,0.0,1.0,0.0,149.60,150.01,151.14,152.39,152.28,150.09,148.78
253,0.0,0.0,1.0,0.0,149.60,150.01,151.14,152.39,152.28,150.09,148.78
254,-0.5457,0.177,0.765,0.058,147.37,145.65,146.2,145.05,147.23,143.7,146.78
255,-0.5457,0.164,0.782,0.054,147.37,145.65,146.2,145.05,147.23,143.7,146.78
256,0.2023,0.0,0.741,0.259,145.91,147.37,145.05,147.23,143.7,146.78,145.05
257,0.128,0.0,0.897,0.103,155.51,156.01,155.75,155.07,156.16,155.51,156.75
258,0.128,0.0,0.909,0.091,155.51,156.01,155.75,155.07,156.16,155.51,156.75
259,0.0,0.0,1.0,0.0,155.96,155.51,155.12,156.32,157.9,157.6,158.71
260,0.0,0.0,1.0,0.0,155.96,155.51,155.12,156.32,157.9,157.6,158.71
261,0.0,0.0,1.0,0.0,155.96,155.51,155.12,156.32,157.9,157.6,158.71
262,0.0,0.0,1.0,0.0,155.96,155.51,155.12,156.32,157.9,157.6,158.71
263,-0.1779,0.04,0.96,0.0,160.00,161.09,159.07,159.75,161.73,160.35,163.07
264,-0.2158,0.059,0.903,0.037,159.91,160.05,159.75,161.73,160.35,163.07,173.22
265,-0.2158,0.063,0.898,0.039,159.91,160.05,159.75,161.73,160.35,163.07,173.22
266,-0.2158,0.056,0.908,0.035,159.91,160.05,159.75,161.73,160.35,163.07,173.22
267,-0.2158,0.056,0.908,0.035,159.91,160.05,159.75,161.73,160.35,163.07,173.22
268,-0.4767,0.141,0.859,0.0,160.27,161.73,163.07,173.22,172.51,171.0,168.53
269,0.5574,0.116,0.684,0.2,160.27,161.73,163.07,173.22,172.51,171.0,168.53
270,0.5574,0.121,0.668,0.21,162.73,160.35,173.22,172.51,171.0,168.53,168.61
271,0.0,0.0,1.0,0.0,162.73,160.35,173.22,172.51,171.0,168.53,168.61
272,0.0,0.0,1.0,0.0,162.73,160.35,173.22,172.51,171.0,168.53,168.61
273,0.0,0.0,1.0,0.0,162.73,160.35,173.22,172.51,171.0,168.53,168.61
274,0.0,0.0,1.0,0.0,162.73,160.35,173.22,172.51,171.0,168.53,168.61
275,0.0,0.0,1.0,0.0,162.73,160.35,173.22,172.51,171.0,168.53,168.61
276,0.0,0.0,1.0,0.0,162.73,160.35,173.22,172.51,171.0,168.53,168.61
277,0.0,0.0,1.0,0.0,162.73,160.35,173.22,172.51,171.0,168.53,168.61
278,0.0,0.0,1.0,0.0,162.73,160.35,173.22,172.51,171.0,168.53,168.61
279,0.2732,0.059,0.853,0.088,164.34,163.07,172.51,171.0,168.53,168.61,169.38
280,0.296,0.0,0.82,0.18,164.34,163.07,172.51,171.0,168.53,168.61,169.38
281,0.0,0.0,1.0,0.0,164.34,163.07,172.51,171.0,168.53,168.61,169.38
282,0.5187,0.086,0.685,0.228,164.34,163.07,172.51,171.0,168.53,168.61,169.38
283,0.1779,0.0,0.954,0.046,164.34,163.07,172.51,171.0,168.53,168.61,169.38
284,0.5106,0.0,0.907,0.093,164.34,163.07,172.51,171.0,168.53,168.61,169.38
285,0.0,0.0,1.0,0.0,164.34,163.07,172.51,171.0,168.53,168.61,169.38
286,0.0,0.0,1.0,0.0,164.34,163.07,172.51,171.0,168.53,168.61,169.38
287,0.0,0.0,1.0,0.0,164.34,163.07,172.51,171.0,168.53,168.61,169.38
288,0.0,0.0,1.0,0.0,164.34,163.07,172.51,171.0,168.53,168.61,169.38
289,0.3182,0.032,0.907,0.061,167.80,166.08,168.62,167.73,166.99,168.25,167.17
290,0.5267,0.0,0.746,0.254,165.33,166.26,168.78,168.92,165.68,165.34,167.4
291,-0.0516,0.031,0.969,0.0,165.33,166.26,168.78,168.92,165.68,165.34,167.4
292,0.4939,0.0,0.898,0.102,173.04,172.22,173.76,173.48,173.06,173.26,174.05
293,0.0,0.0,1.0,0.0,173.04,172.22,173.76,173.48,173.06,173.26,174.05
294,0.4404,0.0,0.914,0.086,173.04,172.22,173.76,173.48,173.06,173.26,174.05
295,0.7579,0.0,0.776,0.224,173.44,173.06,174.05,172.28,170.55,171.12,172.68
296,0.7579,0.0,0.789,0.211,173.44,173.06,174.05,172.28,170.55,171.12,172.68
297,0.4767,0.0,0.876,0.124,173.44,173.06,174.05,172.28,170.55,171.12,172.68
298,0.2732,0.139,0.668,0.193,170.55,170.55,172.68,170.99,170.05,173.08,173.97
299,-0.6249,0.15,0.769,0.08,173.40,174.4,170.73,169.78,170.24,165.36,164.26
300,0.0,0.0,1.0,0.0,173.40,174.4,170.73,169.78,170.24,165.36,164.26
301,0.0,0.0,1.0,0.0,173.40,174.4,170.73,169.78,170.24,165.36,164.26
302,0.7269,0.078,0.674,0.248,173.40,174.4,170.73,169.78,170.24,165.36,164.26
303,0.0,0.0,1.0,0.0,165.23,170.24,164.26,166.16,160.67,163.13,164.13
304,0.2732,0.0,0.942,0.058,165.23,170.24,164.26,166.16,160.67,163.13,164.13
305,-0.5423,0.211,0.702,0.088,164.39,165.36,166.16,160.67,163.13,164.13,162.3
306,0.0,0.0,1.0,0.0,166.07,164.26,160.67,163.13,164.13,162.3,162.38
307,0.0,0.0,1.0,0.0,166.07,164.26,160.67,163.13,164.13,162.3,162.38
308,0.0,0.0,1.0,0.0,166.07,164.26,160.67,163.13,164.13,162.3,162.38
309,0.0516,0.231,0.522,0.246,166.07,164.26,160.67,163.13,164.13,162.3,162.38
310,0.0516,0.231,0.522,0.246,166.07,164.26,160.67,163.13,164.13,162.3,162.38
311,0.6369,0.0,0.864,0.136,162.42,162.3,162.86,162.34,161.85,162.07,162.04
312,0.6369,0.0,0.871,0.129,162.42,162.3,162.86,162.34,161.85,162.07,162.04
313,0.7089,0.0,0.848,0.152,162.42,162.3,162.86,162.34,161.85,162.07,162.04
314,0.7089,0.0,0.856,0.144,162.42,162.3,162.86,162.34,161.85,162.07,162.04
315,-0.5574,0.13,0.87,0.0,160.23,159.18,162.67,160.4,160.59,159.2,163.0
316,0.0,0.0,1.0,0.0,160.23,159.18,162.67,160.4,160.59,159.2,163.0
317,0.0,0.0,1.0,0.0,160.23,159.18,162.67,160.4,160.59,159.2,163.0
318,0.0,0.0,1.0,0.0,161.31,162.67,160.59,159.2,163.0,164.63,162.88
319,0.7351,0.0,0.837,0.163,164.79,163.0,162.88,159.81,159.81,156.96,157.08
320,0.7351,0.0,0.844,0.156,164.79,163.0,162.88,159.81,159.81,156.96,157.08
321,0.0,0.0,1.0,0.0,159.70,159.81,156.96,157.08,154.28,157.98,156.8
322,0.296,0.0,0.912,0.088,157.46,154.28,156.8,157.81,160.77,158.5,161.18
323,0.1779,0.0,0.936,0.064,157.46,154.28,156.8,157.81,160.77,158.5,161.18
324,0.6124,0.0,0.857,0.143,161.68,160.48,160.87,162.81,164.83,162.91,163.65
325,0.6124,0.0,0.857,0.143,161.05,161.94,162.81,164.83,162.91,163.65,163.89
326,0.6124,0.0,0.865,0.135,161.05,161.94,162.81,164.83,162.91,163.65,163.89
327,0.6124,0.0,0.865,0.135,161.05,161.94,162.81,164.83,162.91,163.65,163.89
328,0.5327,0.065,0.752,0.184,154.00,154.66,155.48,151.55,153.67,156.36,155.87
329,0.5327,0.061,0.764,0.174,154.00,154.66,155.48,151.55,153.67,156.36,155.87
330,0.5327,0.061,0.764,0.174,154.00,154.66,155.48,151.55,153.67,156.36,155.87
331,-0.6124,0.19,0.757,0.053,153.91,153.31,151.55,153.67,156.36,155.87,155.39
332,-0.6124,0.19,0.757,0.053,153.91,153.31,151.55,153.67,156.36,155.87,155.39
333,-0.6124,0.182,0.768,0.05,153.91,153.31,151.55,153.67,156.36,155.87,155.39
334,-0.0258,0.137,0.728,0.135,153.91,153.31,151.55,153.67,156.36,155.87,155.39
335,-0.2732,0.075,0.925,0.0,154.94,153.67,155.87,155.39,152.09,156.95,157.14
336,0.5106,0.0,0.867,0.133,154.94,153.67,155.87,155.39,152.09,156.95,157.14
337,0.5106,0.0,0.867,0.133,154.94,153.67,155.87,155.39,152.09,156.95,157.14
338,0.5106,0.0,0.867,0.133,154.94,153.67,155.87,155.39,152.09,156.95,157.14
339,0.0,0.0,1.0,0.0,158.26,156.36,155.39,152.09,156.95,157.14,154.57
340,0.2263,0.098,0.747,0.155,155.03,155.87,152.09,156.95,157.14,154.57,155.8
341,0.2263,0.098,0.747,0.155,155.03,155.87,152.09,156.95,157.14,154.57,155.8
342,0.2263,0.095,0.756,0.149,155.03,155.87,152.09,156.95,157.14,154.57,155.8
343,-0.0772,0.103,0.78,0.117,155.03,155.87,152.09,156.95,157.14,154.57,155.8
344,0.128,0.051,0.885,0.064,155.03,155.87,152.09,156.95,157.14,154.57,155.8
345,0.128,0.051,0.885,0.064,151.94,155.39,156.95,157.14,154.57,155.8,156.81
346,0.0,0.0,1.0,0.0,151.94,155.39,156.95,157.14,154.57,155.8,156.81
347,0.4019,0.0,0.924,0.076,151.94,155.39,156.95,157.14,154.57,155.8,156.81
348,0.128,0.047,0.893,0.06,151.94,155.39,156.95,157.14,154.57,155.8,156.81
349,0.0,0.0,1.0,0.0,151.94,155.39,156.95,157.14,154.57,155.8,156.81
350,0.4019,0.0,0.92,0.08,151.94,155.39,156.95,157.14,154.57,155.8,156.81
351,0.0,0.0,1.0,0.0,151.94,155.39,156.95,157.14,154.57,155.8,156.81
352,0.4019,0.0,0.92,0.08,151.94,155.39,156.95,157.14,154.57,155.8,156.81
353,0.0,0.0,1.0,0.0,151.94,155.39,156.95,157.14,154.57,155.8,156.81
354,0.0,0.0,1.0,0.0,151.94,155.39,156.95,157.14,154.57,155.8,156.81
355,0.2382,0.06,0.866,0.074,153.03,152.09,157.14,154.57,155.8,156.81,156.44
356,0.1779,0.049,0.887,0.064,153.03,152.09,157.14,154.57,155.8,156.81,156.44
357,0.0516,0.11,0.804,0.086,153.03,152.09,157.14,154.57,155.8,156.81,156.44
358,0.0,0.0,1.0,0.0,153.03,152.09,157.14,154.57,155.8,156.81,156.44
359,0.34,0.067,0.804,0.129,153.03,152.09,157.14,154.57,155.8,156.81,156.44
360,-0.1027,0.09,0.857,0.053,161.31,162.06,160.05,160.51,162.34,161.82,162.24
361,0.5994,0.0,0.671,0.329,162.23,162.24,158.51,157.68,151.93,151.41,153.06
362,0.0,0.0,1.0,0.0,162.23,162.24,158.51,157.68,151.93,151.41,153.06
363,0.0,0.0,1.0,0.0,162.23,162.24,158.51,157.68,151.93,151.41,153.06
364,0.0,0.0,1.0,0.0,162.23,162.24,158.51,157.68,151.93,151.41,153.06
365,-0.1531,0.101,0.81,0.089,157.49,158.51,151.93,151.41,153.06,155.38,161.07
366,-0.1531,0.101,0.81,0.089,157.49,158.51,151.93,151.41,153.06,155.38,161.07
367,-0.1531,0.097,0.817,0.086,157.49,158.51,151.93,151.41,153.06,155.38,161.07
368,0.2732,0.034,0.884,0.082,157.49,158.51,151.93,151.41,153.06,155.38,161.07
369,0.2732,0.033,0.889,0.078,157.49,158.51,151.93,151.41,153.06,155.38,161.07
370,0.2732,0.034,0.884,0.082,153.58,157.68,151.41,153.06,155.38,161.07,160.51
371,0.2732,0.033,0.889,0.078,153.58,157.68,151.41,153.06,155.38,161.07,160.51
372,0.0,0.0,1.0,0.0,153.58,157.68,151.41,153.06,155.38,161.07,160.51
373,0.4215,0.0,0.865,0.135,153.58,157.68,151.41,153.06,155.38,161.07,160.51
374,0.4215,0.0,0.877,0.123,153.58,157.68,151.41,153.06,155.38,161.07,160.51
375,0.0,0.0,1.0,0.0,160.25,155.38,160.51,162.99,161.86,163.27,164.05
376,-0.5719,0.162,0.785,0.053,160.25,155.38,160.51,162.99,161.86,163.27,164.05
377,0.0,0.0,1.0,0.0,160.95,160.64,161.89,164.16,164.16,162.79,161.92
378,0.296,0.0,0.872,0.128,160.95,160.64,161.89,164.16,164.16,162.79,161.92
379,-0.5859,0.151,0.766,0.084,162.05,161.43,164.16,164.16,162.79,161.92,163.3
380,-0.5859,0.144,0.776,0.08,162.05,161.43,164.16,164.16,162.79,161.92,163.3
381,0.0,0.0,1.0,0.0,162.05,161.43,164.16,164.16,162.79,161.92,163.3
382,0.6808,0.0,0.851,0.149,162.05,161.43,164.16,164.16,162.79,161.92,163.3
383,-0.6486,0.169,0.794,0.037,164.16,164.16,162.79,161.92,163.3,163.49,162.07
384,-0.6486,0.161,0.804,0.035,164.16,164.16,162.79,161.92,163.3,163.49,162.07
385,0.0,0.0,1.0,0.0,164.25,164.36,164.35,163.46,163.6,161.87,162.08
386,0.0,0.0,1.0,0.0,164.25,164.36,164.35,163.46,163.6,161.87,162.08
387,0.4019,0.0,0.886,0.114,163.50,164.35,163.6,161.87,162.08,162.18,161.79
388,0.2263,0.0,0.905,0.095,163.50,164.35,163.6,161.87,162.08,162.18,161.79
389,0.0,0.0,1.0,0.0,163.50,164.35,163.6,161.87,162.08,162.18,161.79
390,0.4019,0.0,0.909,0.091,163.50,164.35,163.6,161.87,162.08,162.18,161.79
391,-0.3612,0.095,0.827,0.078,163.50,164.35,163.6,161.87,162.08,162.18,161.79
392,0.0,0.0,1.0,0.0,163.50,164.35,163.6,161.87,162.08,162.18,161.79
393,0.6124,0.0,0.8,0.2,164.33,163.46,161.87,162.08,162.18,161.79,163.23
394,0.6124,0.0,0.815,0.185,164.33,163.46,161.87,162.08,162.18,161.79,163.23
395,0.4939,0.0,0.914,0.086,162.12,162.18,163.23,169.1,182.05,179.84,181.75
396,0.1027,0.065,0.862,0.073,162.12,162.18,163.23,169.1,182.05,179.84,181.75
397,0.1027,0.062,0.868,0.07,162.12,162.18,163.23,169.1,182.05,179.84,181.75
398,0.5267,0.0,0.732,0.268,162.12,162.18,163.23,169.1,182.05,179.84,181.75
399,0.5574,0.062,0.762,0.176,162.41,161.79,169.1,182.05,179.84,181.75,183.8
400,0.0,0.0,1.0,0.0,162.41,161.79,169.1,182.05,179.84,181.75,183.8
401,0.0,0.0,1.0,0.0,162.41,161.79,169.1,182.05,179.84,181.75,183.8
402,-0.128,0.223,0.537,0.24,162.41,161.79,169.1,182.05,179.84,181.75,183.8
403,0.0516,0.0,0.957,0.043,166.40,163.23,182.05,179.84,181.75,183.8,183.52
404,-0.7096,0.16,0.84,0.0,166.40,163.23,182.05,179.84,181.75,183.8,183.52
405,-0.4019,0.097,0.903,0.0,166.40,163.23,182.05,179.84,181.75,183.8,183.52
406,0.6808,0.0,0.556,0.444,166.40,163.23,182.05,179.84,181.75,183.8,183.52
407,-0.128,0.223,0.537,0.24,166.40,163.23,182.05,179.84,181.75,183.8,183.52
408,0.0,0.0,1.0,0.0,166.40,163.23,182.05,179.84,181.75,183.8,183.52
409,0.1779,0.0,0.951,0.049,166.40,163.23,182.05,179.84,181.75,183.8,183.52
410,-0.516,0.233,0.767,0.0,166.40,163.23,182.05,179.84,181.75,183.8,183.52
411,0.0,0.0,1.0,0.0,166.40,163.23,182.05,179.84,181.75,183.8,183.52
412,0.0,0.0,1.0,0.0,166.40,163.23,182.05,179.84,181.75,183.8,183.52
413,0.0,0.0,1.0,0.0,181.24,182.05,181.75,183.8,183.52,185.93,186.42
414,0.7351,0.0,0.846,0.154,189.64,189.83,190.06,189.01,192.31,191.62,193.11
415,0.3612,0.0,0.783,0.217,189.64,189.83,190.06,189.01,192.31,191.62,193.11
416,0.6486,0.0,0.851,0.149,189.64,189.83,190.06,189.01,192.31,191.62,193.11
417,0.0,0.0,1.0,0.0,192.05,189.01,191.62,193.11,194.0,193.75,192.8
418,0.3612,0.0,0.921,0.079,193.22,192.8,191.81,191.28,191.72,191.54,189.99
419,0.3612,0.0,0.925,0.075,193.22,192.8,191.81,191.28,191.72,191.54,189.99
420,0.3818,0.0,0.714,0.286,191.25,192.96,191.28,191.72,191.54,189.99,190.14
421,0.5267,0.072,0.783,0.146,191.42,191.81,191.72,191.54,189.99,190.14,191.2
422,-0.4939,0.2,0.721,0.079,192.28,192.3,192.25,192.99,191.16,190.41,191.23
423,-0.4939,0.191,0.733,0.076,192.28,192.3,192.25,192.99,191.16,190.41,191.23
424,0.4215,0.0,0.891,0.109,192.28,192.3,192.25,192.99,191.16,190.41,191.23
425,0.4215,0.0,0.897,0.103,192.28,192.3,192.25,192.99,191.16,190.41,191.23
426,0.4939,0.0,0.758,0.242,191.47,192.0,192.99,191.16,190.41,191.23,190.1
427,0.34,0.0,0.924,0.076,193.03,192.25,191.16,190.41,191.23,190.1,190.07
428,0.34,0.0,0.928,0.072,193.03,192.25,191.16,190.41,191.23,190.1,190.07
429,0.0,0.0,1.0,0.0,193.03,192.25,191.16,190.41,191.23,190.1,190.07
430,0.2263,0.049,0.877,0.074,191.39,191.16,191.23,190.1,190.07,189.36,187.38
431,0.2263,0.047,0.883,0.07,191.39,191.16,191.23,190.1,190.07,189.36,187.38
432,0.8173,0.0,0.832,0.168,188.10,189.36,187.88,187.95,187.34,187.47,186.63
433,0.8173,0.0,0.832,0.168,188.10,189.36,187.88,187.95,187.34,187.47,186.63
434,0.5267,0.0,0.907,0.093,195.20,194.0,195.78,194.4,195.24,193.63,194.09
435,0.5267,0.0,0.907,0.093,195.20,194.0,195.78,194.4,195.24,193.63,194.09
436,0.0,0.0,1.0,0.0,195.30,194.57,194.4,195.24,193.63,194.09,190.85
437,-0.2023,0.098,0.828,0.074,194.30,195.78,195.24,193.63,194.09,190.85,192.5
438,-0.2023,0.092,0.838,0.07,194.30,195.78,195.24,193.63,194.09,190.85,192.5
439,0.1779,0.0,0.951,0.049,194.30,195.78,195.24,193.63,194.09,190.85,192.5
440,0.1779,0.0,0.954,0.046,194.30,195.78,195.24,193.63,194.09,190.85,192.5
441,0.0,0.0,1.0,0.0,195.30,194.4,193.63,194.09,190.85,192.5,192.49
442,-0.2023,0.05,0.95,0.0,193.95,195.24,194.09,190.85,192.5,192.49,192.36
443,0.0,0.0,1.0,0.0,193.95,195.24,194.09,190.85,192.5,192.49,192.36
444,-0.2023,0.053,0.947,0.0,193.95,195.24,194.09,190.85,192.5,192.49,192.36
445,0.875,0.0,0.714,0.286,191.59,194.09,192.5,192.49,192.36,188.49,189.86
446,-0.5106,0.292,0.708,0.0,191.30,190.85,192.49,192.36,188.49,189.86,188.0
447,0.0,0.0,1.0,0.0,191.30,190.85,192.49,192.36,188.49,189.86,188.0
448,0.0,0.0,1.0,0.0,191.30,190.85,192.49,192.36,188.49,189.86,188.0
449,0.0,0.0,1.0,0.0,191.96,192.5,192.36,188.49,189.86,188.0,187.7
450,0.5106,0.0,0.752,0.248,191.96,192.5,192.36,188.49,189.86,188.0,187.7
451,-0.4588,0.273,0.727,0.0,191.96,192.5,192.36,188.49,189.86,188.0,187.7
452,0.0772,0.053,0.886,0.061,191.96,192.5,192.36,188.49,189.86,188.0,187.7
453,-0.6597,0.127,0.873,0.0,191.96,192.5,192.36,188.49,189.86,188.0,187.7
454,-0.6597,0.122,0.878,0.0,191.96,192.5,192.36,188.49,189.86,188.0,187.7
455,0.8225,0.0,0.878,0.122,192.36,192.49,188.49,189.86,188.0,187.7,188.42
456,-0.2023,0.088,0.848,0.064,192.36,192.49,188.49,189.86,188.0,187.7,188.42
457,0.9442,0.0,0.785,0.215,192.36,192.49,188.49,189.86,188.0,187.7,188.42
458,0.0,0.0,1.0,0.0,192.24,192.36,189.86,188.0,187.7,188.42,187.22
459,0.0,0.0,1.0,0.0,192.24,192.36,189.86,188.0,187.7,188.42,187.22
460,0.0,0.0,1.0,0.0,192.24,192.36,189.86,188.0,187.7,188.42,187.22
461,0.0,0.0,1.0,0.0,192.24,192.36,189.86,188.0,187.7,188.42,187.22
462,0.34,0.0,0.934,0.066,192.24,192.36,189.86,188.0,187.7,188.42,187.22
463,0.34,0.0,0.938,0.063,192.24,192.36,189.86,188.0,187.7,188.42,187.22
464,0.3612,0.0,0.914,0.086,180.87,180.37,180.88,182.14,181.55,182.82,183.6
465,0.3612,0.0,0.918,0.082,180.87,180.37,180.88,182.14,181.55,182.82,183.6
466,-0.6908,0.151,0.849,0.0,180.87,180.37,180.88,182.14,181.55,182.82,183.6
467,-0.6908,0.147,0.853,0.0,180.87,180.37,180.88,182.14,181.55,182.82,183.6
468,-0.5574,0.093,0.907,0.0,180.87,180.37,180.88,182.14,181.55,182.82,183.6
469,-0.6808,0.172,0.776,0.052,180.87,180.37,180.88,182.14,181.55,182.82,183.6
470,-0.6808,0.165,0.785,0.05,180.87,180.37,180.88,182.14,181.55,182.82,183.6
471,0.3818,0.0,0.912,0.088,180.25,180.72,182.14,181.55,182.82,183.6,182.26
472,0.3612,0.056,0.849,0.095,182.59,181.55,183.6,182.26,182.35,182.56,181.22
473,0.8074,0.0,0.61,0.39,181.90,182.26,182.56,181.22,182.25,184.29,186.22
474,0.0258,0.0,0.956,0.044,182.48,181.22,184.29,186.22,186.37,185.98,184.51
475,0.34,0.06,0.815,0.125,183.61,182.25,186.22,186.37,185.98,184.51,184.37
476,0.34,0.057,0.825,0.119,183.61,182.25,186.22,186.37,185.98,184.51,184.37
477,0.34,0.0,0.936,0.064,183.38,184.36,183.08,184.78,185.94,185.68,186.39
478,-0.6249,0.13,0.87,0.0,184.48,183.08,185.94,185.68,186.39,184.89,187.0
479,0.0258,0.059,0.878,0.062,185.84,185.94,186.39,184.89,187.0,187.06,186.46
480,-0.3085,0.064,0.902,0.034,186.45,185.68,184.89,187.0,187.06,186.46,188.72
481,-0.3085,0.061,0.906,0.033,186.45,185.68,184.89,187.0,187.06,186.46,188.72
482,0.3818,0.0,0.809,0.191,189.07,186.46,192.19,192.57,190.08,188.91,189.3
483,0.5622,0.0,0.688,0.312,189.07,186.46,192.19,192.57,190.08,188.91,189.3
484,0.296,0.0,0.944,0.056,189.07,186.46,192.19,192.57,190.08,188.91,189.3
485,0.0,0.0,1.0,0.0,189.07,186.46,192.19,192.57,190.08,188.91,189.3
486,0.8208,0.0,0.592,0.408,189.07,186.46,192.19,192.57,190.08,188.91,189.3
487,0.0,0.0,1.0,0.0,192.79,192.19,190.08,188.91,189.3,190.03,191.26
488,0.1531,0.084,0.817,0.099,192.79,192.19,190.08,188.91,189.3,190.03,191.26
489,0.34,0.0,0.924,0.076,192.79,192.19,190.08,188.91,189.3,190.03,191.26
490,0.8519,0.0,0.775,0.225,192.79,192.19,190.08,188.91,189.3,190.03,191.26
491,0.6808,0.0,0.824,0.176,191.14,193.14,190.22,191.73,192.15,192.27,190.01
492,-0.128,0.041,0.959,0.0,192.22,190.22,192.15,192.27,190.01,196.4,197.02
493,-0.128,0.039,0.961,0.0,192.22,190.22,192.15,192.27,190.01,196.4,197.02
494,0.0,0.0,1.0,0.0,192.22,190.22,192.15,192.27,190.01,196.4,197.02
495,0.4767,0.0,0.876,0.124,191.79,191.73,192.27,190.01,196.4,197.02,197.77
496,-0.3089,0.201,0.799,0.0,191.79,191.73,192.27,190.01,196.4,197.02,197.77
497,0.4588,0.0,0.917,0.083,191.79,191.73,192.27,190.01,196.4,197.02,197.77
498,-0.4588,0.125,0.818,0.057,189.80,192.27,196.4,197.02,197.77,195.19,195.68
499,-0.4588,0.12,0.826,0.054,189.80,192.27,196.4,197.02,197.77,195.19,195.68
500,0.6908,0.0,0.849,0.151,189.80,192.27,196.4,197.02,197.77,195.19,195.68
501,0.5267,0.0,0.702,0.298,189.80,192.27,196.4,197.02,197.77,195.19,195.68
502,-0.2023,0.188,0.665,0.147,189.80,192.27,196.4,197.02,197.77,195.19,195.68
503,0.0,0.0,1.0,0.0,189.80,192.27,196.4,197.02,197.77,195.19,195.68
504,0.0,0.0,1.0,0.0,189.80,192.27,196.4,197.02,197.77,195.19,195.68
505,0.0,0.0,1.0,0.0,189.80,192.27,196.4,197.02,197.77,195.19,195.68
506,0.0,0.0,1.0,0.0,189.80,192.27,196.4,197.02,197.77,195.19,195.68
507,0.4215,0.047,0.847,0.106,189.80,192.27,196.4,197.02,197.77,195.19,195.68
508,-0.7351,0.281,0.719,0.0,187.25,190.01,197.02,197.77,195.19,195.68,196.64
509,0.296,0.0,0.784,0.216,187.25,190.01,197.02,197.77,195.19,195.68,196.64
510,0.8074,0.054,0.78,0.166,187.25,190.01,197.02,197.77,195.19,195.68,196.64
511,-0.1027,0.096,0.822,0.082,187.25,190.01,197.02,197.77,195.19,195.68,196.64
512,0.4466,0.0,0.754,0.246,187.25,190.01,197.02,197.77,195.19,195.68,196.64
513,-0.5719,0.192,0.734,0.073,187.25,190.01,197.02,197.77,195.19,195.68,196.64
514,0.0,0.0,1.0,0.0,187.25,190.01,197.02,197.77,195.19,195.68,196.64
515,-0.2023,0.18,0.703,0.117,187.25,190.01,197.02,197.77,195.19,195.68,196.64
516,-0.5719,0.183,0.747,0.07,187.25,190.01,197.02,197.77,195.19,195.68,196.64
517,-0.5719,0.183,0.747,0.07,187.25,190.01,197.02,197.77,195.19,195.68,196.64
518,-0.128,0.102,0.836,0.062,193.12,194.5,190.45,189.83,192.62,195.04,188.25
519,0.0772,0.0,0.96,0.04,182.66,185.81,183.9,186.22,186.76,186.39,187.68
520,0.0772,0.0,0.962,0.038,182.66,185.81,183.9,186.22,186.76,186.39,187.68
521,0.2732,0.042,0.886,0.072,186.01,186.22,186.39,187.68,187.64,187.14,186.44
522,0.2732,0.039,0.892,0.068,186.01,186.22,186.39,187.68,187.64,187.14,186.44
523,0.4215,0.0,0.917,0.083,183.18,183.19,181.84,180.24,179.7,177.14,177.25
524,0.0516,0.061,0.874,0.065,181.26,183.69,180.24,179.7,177.14,177.25,174.67
525,0.0516,0.062,0.872,0.067,181.26,183.69,180.24,179.7,177.14,177.25,174.67
526,0.0516,0.061,0.874,0.065,181.26,183.69,180.24,179.7,177.14,177.25,174.67
527,0.0,0.0,1.0,0.0,178.22,181.84,179.7,177.14,177.25,174.67,174.24
528,0.0,0.0,1.0,0.0,178.22,181.84,179.7,177.14,177.25,174.67,174.24
529,-0.8439,0.227,0.773,0.0,178.22,181.84,179.7,177.14,177.25,174.67,174.24
530,0.6249,0.0,0.844,0.156,176.02,172.9,177.36,176.4,176.85,177.9,179.64
531,0.0,0.0,1.0,0.0,176.02,172.9,177.36,176.4,176.85,177.9,179.64
532,0.875,0.0,0.767,0.233,176.02,172.9,177.36,176.4,176.85,177.9,179.64
533,0.875,0.0,0.778,0.222,176.02,172.9,177.36,176.4,176.85,177.9,179.64
534,0.0,0.0,1.0,0.0,179.60,177.9,182.73,182.25,188.43,190.09,188.76
535,0.5106,0.0,0.888,0.112,179.60,177.9,182.73,182.25,188.43,190.09,188.76
536,0.5106,0.0,0.893,0.107,179.60,177.9,182.73,182.25,188.43,190.09,188.76
537,0.2732,0.0,0.928,0.072,181.25,179.64,182.25,188.43,190.09,188.76,187.74
538,0.4215,0.0,0.851,0.149,181.25,179.64,182.25,188.43,190.09,188.76,187.74
539,0.4215,0.0,0.763,0.237,181.25,179.64,182.25,188.43,190.09,188.76,187.74
540,0.0,0.0,1.0,0.0,181.25,179.64,182.25,188.43,190.09,188.76,187.74
541,-0.3182,0.173,0.827,0.0,181.25,179.64,182.25,188.43,190.09,188.76,187.74
542,0.6124,0.0,0.865,0.135,181.25,179.64,182.25,188.43,190.09,188.76,187.74
543,0.0,0.0,1.0,0.0,181.25,179.64,182.25,188.43,190.09,188.76,187.74
544,0.0,0.0,1.0,0.0,181.25,179.64,182.25,188.43,190.09,188.76,187.74
545,0.7184,0.0,0.841,0.159,181.25,179.64,182.25,188.43,190.09,188.76,187.74
546,0.5106,0.0,0.858,0.142,181.25,179.64,182.25,188.43,190.09,188.76,187.74
547,0.0772,0.042,0.909,0.048,181.43,182.73,188.43,190.09,188.76,187.74,185.92
548,0.0,0.093,0.815,0.093,181.43,182.73,188.43,190.09,188.76,187.74,185.92
549,0.0,0.0,1.0,0.0,181.43,182.73,188.43,190.09,188.76,187.74,185.92
550,0.296,0.0,0.925,0.075,181.43,182.73,188.43,190.09,188.76,187.74,185.92
551,0.0,0.085,0.829,0.085,181.43,182.73,188.43,190.09,188.76,187.74,185.92
552,0.0772,0.045,0.903,0.052,181.43,182.73,188.43,190.09,188.76,187.74,185.92
553,0.0258,0.0,0.958,0.042,181.43,182.73,188.43,190.09,188.76,187.74,185.92
554,0.0258,0.0,0.961,0.039,181.43,182.73,188.43,190.09,188.76,187.74,185.92
555,-0.6022,0.232,0.65,0.118,181.43,182.73,188.43,190.09,188.76,187.74,185.92
556,0.0,0.0,1.0,0.0,181.43,182.73,188.43,190.09,188.76,187.74,185.92
557,-0.2023,0.098,0.851,0.051,181.28,182.25,190.09,188.76,187.74,185.92,184.16
558,-0.2023,0.093,0.859,0.048,181.28,182.25,190.09,188.76,187.74,185.92,184.16
559,-0.4939,0.088,0.912,0.0,181.28,182.25,190.09,188.76,187.74,185.92,184.16
560,-0.4939,0.088,0.912,0.0,181.28,182.25,190.09,188.76,187.74,185.92,184.16
561,0.4404,0.0,0.873,0.127,181.28,182.25,190.09,188.76,187.74,185.92,184.16
562,0.0258,0.0,0.972,0.028,181.28,182.25,190.09,188.76,187.74,185.92,184.16
563,0.0,0.0,1.0,0.0,181.28,182.25,190.09,188.76,187.74,185.92,184.16
564,-0.3818,0.082,0.918,0.0,181.28,182.25,190.09,188.76,187.74,185.92,184.16
565,0.0258,0.0,0.973,0.027,181.28,182.25,190.09,188.76,187.74,185.92,184.16
566,0.34,0.0,0.898,0.102,190.23,188.43,188.76,187.74,185.92,184.16,187.26
567,0.34,0.0,0.904,0.096,190.23,188.43,188.76,187.74,185.92,184.16,187.26
568,-0.5994,0.14,0.86,0.0,187.53,188.76,185.92,184.16,187.26,187.38,187.97
569,-0.4404,0.086,0.914,0.0,185.84,185.08,183.22,182.23,180.02,180.22,178.7
570,-0.7096,0.254,0.673,0.073,180.08,180.02,178.7,175.76,177.85,172.8,173.37
571,-0.7096,0.239,0.692,0.069,180.08,180.02,178.7,175.76,177.85,172.8,173.37
572,0.0,0.0,1.0,0.0,177.36,175.76,172.8,173.37,175.2,177.12,177.46
573,-0.4019,0.11,0.839,0.052,173.04,177.85,173.37,175.2,177.12,177.46,177.67
574,-0.4019,0.115,0.831,0.054,173.52,172.8,175.2,177.12,177.46,177.67,176.08
575,-0.4019,0.11,0.839,0.052,173.52,172.8,175.2,177.12,177.46,177.67,176.08
576,0.0,0.0,1.0,0.0,179.21,179.68,177.31,178.94,181.3,184.13,185.19
577,0.296,0.0,0.945,0.055,179.21,179.68,177.31,178.94,181.3,184.13,185.19
578,0.8779,0.036,0.668,0.296,179.21,179.68,177.31,178.94,181.3,184.13,185.19
579,0.5423,0.0,0.892,0.108,185.22,185.19,184.47,183.19,182.21,183.55,183.07
580,0.5423,0.0,0.897,0.103,185.22,185.19,184.47,183.19,182.21,183.55,183.07
581,0.0,0.0,1.0,0.0,183.52,184.47,182.21,183.55,183.07,182.88,179.99
582,0.6124,0.0,0.854,0.146,183.52,184.47,182.21,183.55,183.07,182.88,179.99
583,0.296,0.0,0.929,0.071,183.52,184.47,182.21,183.55,183.07,182.88,179.99
584,-0.3818,0.074,0.893,0.033,183.52,184.47,182.21,183.55,183.07,182.88,179.99
585,-0.3818,0.074,0.893,0.033,182.38,183.19,183.55,183.07,182.88,179.99,180.0
586,0.0,0.153,0.694,0.153,182.38,183.19,183.55,183.07,182.88,179.99,180.0
587,-0.5574,0.087,0.87,0.043,182.38,183.19,183.55,183.07,182.88,179.99,180.0
588,0.0,0.0,1.0,0.0,179.81,179.23,180.15,182.12,177.35,176.85,177.8
589,0.4767,0.0,0.9,0.1,181.69,180.15,177.35,176.85,177.8,175.77,174.97
590,0.5994,0.054,0.767,0.179,174.80,173.78,186.73,184.66,186.97,186.16,184.77
591,0.296,0.0,0.804,0.196,174.80,173.78,186.73,184.66,186.97,186.16,184.77
592,0.0516,0.105,0.784,0.11,174.80,173.78,186.73,184.66,186.97,186.16,184.77
593,0.4215,0.0,0.915,0.085,193.70,193.15,190.73,190.7,186.6,184.98,183.03
594,0.4215,0.0,0.92,0.08,193.70,193.15,190.73,190.7,186.6,184.98,183.03
595,0.0,0.0,1.0,0.0,193.70,193.15,190.73,190.7,186.6,184.98,183.03
596,-0.4215,0.078,0.922,0.0,191.21,192.17,190.7,186.6,184.98,183.03,184.15
597,0.4939,0.0,0.842,0.158,186.83,190.7,184.98,183.03,184.15,183.13,183.96
598,0.4939,0.0,0.856,0.144,186.83,190.7,184.98,183.03,184.15,183.13,183.96
599,0.0,0.0,1.0,0.0,186.83,190.7,184.98,183.03,184.15,183.13,183.96
600,0.0,0.0,1.0,0.0,186.83,190.7,184.98,183.03,184.15,183.13,183.96
601,0.0,0.0,1.0,0.0,186.83,190.7,184.98,183.03,184.15,183.13,183.96
602,0.0,0.0,1.0,0.0,186.83,190.7,184.98,183.03,184.15,183.13,183.96
603,0.7845,0.036,0.771,0.193,185.65,185.19,184.56,184.23,185.34,185.79,187.53
604,0.7845,0.035,0.781,0.184,185.65,185.19,184.56,184.23,185.34,185.79,187.53
605,0.34,0.0,0.912,0.088,185.65,185.19,184.56,184.23,185.34,185.79,187.53
606,0.34,0.0,0.918,0.082,185.65,185.19,184.56,184.23,185.34,185.79,187.53
607,0.7184,0.0,0.806,0.194,185.30,184.23,185.79,187.53,188.42,189.09,187.82
608,0.7184,0.0,0.816,0.184,185.30,184.23,185.79,187.53,188.42,189.09,187.82
609,0.7184,0.0,0.816,0.184,185.30,184.23,185.79,187.53,188.42,189.09,187.82
610,0.0,0.0,1.0,0.0,196.65,195.81,196.01,196.21,197.35,197.22,196.61
611,0.0,0.0,1.0,0.0,196.65,195.81,196.01,196.21,197.35,197.22,196.61
612,0.0,0.0,1.0,0.0,196.65,195.81,196.01,196.21,197.35,197.22,196.61
613,-0.6486,0.174,0.826,0.0,196.59,197.35,196.61,194.98,194.09,193.54,197.99
614,-0.6486,0.164,0.836,0.0,196.59,197.35,196.61,194.98,194.09,193.54,197.99
615,0.1779,0.053,0.877,0.07,196.59,197.35,196.61,194.98,194.09,193.54,197.99
616,0.4215,0.08,0.745,0.176,198.27,197.99,193.85,194.0,192.07,192.8,192.25
617,0.4215,0.076,0.758,0.167,198.27,197.99,193.85,194.0,192.07,192.8,192.25
618,0.0,0.0,1.0,0.0,198.27,197.99,193.85,194.0,192.07,192.8,192.25
619,0.5267,0.0,0.845,0.155,198.27,197.99,193.85,194.0,192.07,192.8,192.25
620,0.743,0.0,0.799,0.201,198.50,195.46,201.94,204.87,203.04,202.2,203.77
621,0.743,0.0,0.809,0.191,198.50,195.46,201.94,204.87,203.04,202.2,203.77
622,-0.6249,0.098,0.868,0.033,200.67,197.35,204.87,203.04,202.2,203.77,201.2
623,0.0,0.0,1.0,0.0,200.67,197.35,204.87,203.04,202.2,203.77,201.2
624,0.34,0.0,0.943,0.057,208.02,207.6,204.69,203.32,203.21,202.47,204.47
625,-0.6808,0.135,0.865,0.0,194.16,194.31,191.71,191.61,187.83,190.0,207.15
626,-0.7964,0.237,0.713,0.051,191.15,187.83,207.15,209.67,212.0,209.26,211.38
627,0.0387,0.057,0.883,0.06,191.15,187.83,207.15,209.67,212.0,209.26,211.38
628,-0.6597,0.162,0.838,0.0,191.15,187.83,207.15,209.67,212.0,209.26,211.38
629,0.0,0.0,1.0,0.0,191.15,187.83,207.15,209.67,212.0,209.26,211.38
630,0.0,0.0,1.0,0.0,191.15,187.83,207.15,209.67,212.0,209.26,211.38
631,-0.4939,0.176,0.725,0.099,195.74,190.0,209.67,212.0,209.26,211.38,212.92
632,-0.4939,0.168,0.737,0.094,195.74,190.0,209.67,212.0,209.26,211.38,212.92
633,0.0,0.0,1.0,0.0,195.74,190.0,209.67,212.0,209.26,211.38,212.92
634,0.0,0.0,1.0,0.0,195.74,190.0,209.67,212.0,209.26,211.38,212.92
635,0.6705,0.0,0.756,0.244,195.74,190.0,209.67,212.0,209.26,211.38,212.92
636,0.3818,0.0,0.867,0.133,195.74,190.0,209.67,212.0,209.26,211.38,212.92
637,-0.2846,0.095,0.849,0.056,195.74,190.0,209.67,212.0,209.26,211.38,212.92
638,0.296,0.0,0.879,0.121,195.74,190.0,209.67,212.0,209.26,211.38,212.92
639,-0.296,0.084,0.916,0.0,195.74,190.0,209.67,212.0,209.26,211.38,212.92
640,-0.296,0.078,0.922,0.0,195.74,190.0,209.67,212.0,209.26,211.38,212.92
641,0.0,0.0,1.0,0.0,212.90,213.21,215.8,212.06,210.55,210.08,210.38
642,0.0,0.0,1.0,0.0,212.90,213.21,215.8,212.06,210.55,210.08,210.38
643,0.4215,0.0,0.909,0.091,212.90,213.21,215.8,212.06,210.55,210.08,210.38
644,0.4215,0.0,0.905,0.095,215.38,214.92,212.06,210.55,210.08,210.38,209.42
645,0.6705,0.045,0.776,0.179,200.65,202.91,202.33,199.14,197.51,201.09,198.33
646,0.6705,0.042,0.789,0.169,200.65,202.91,202.33,199.14,197.51,201.09,198.33
647,0.0,0.0,1.0,0.0,200.65,202.91,202.33,199.14,197.51,201.09,198.33
648,0.6597,0.0,0.828,0.172,199.23,201.09,199.31,200.32,200.98,199.65,200.09
649,0.6597,0.0,0.838,0.162,199.23,201.09,199.31,200.32,200.98,199.65,200.09
650,0.0129,0.119,0.76,0.12,203.91,204.42,196.08,194.47,193.65,192.59,192.5
651,0.0129,0.119,0.76,0.12,203.91,204.42,196.08,194.47,193.65,192.59,192.5
652,0.743,0.0,0.816,0.184,203.91,204.42,196.08,194.47,193.65,192.59,192.5
653,0.6249,0.0,0.87,0.13,203.91,204.42,196.08,194.47,193.65,192.59,192.5
654,0.2263,0.0,0.808,0.192,203.91,204.42,196.08,194.47,193.65,192.59,192.5
655,0.7845,0.0,0.802,0.198,203.91,204.42,196.08,194.47,193.65,192.59,192.5
656,0.8442,0.0,0.878,0.122,203.91,204.42,196.08,194.47,193.65,192.59,192.5
657,0.0,0.0,1.0,0.0,203.50,204.72,194.47,193.65,192.59,192.5,192.62
658,0.3818,0.0,0.894,0.106,203.50,204.72,194.47,193.65,192.59,192.5,192.62
659,0.3818,0.0,0.809,0.191,203.50,204.72,194.47,193.65,192.59,192.5,192.62
660,0.296,0.0,0.905,0.095,203.50,204.72,194.47,193.65,192.59,192.5,192.62
661,0.3919,0.0,0.93,0.07,192.00,192.59,192.62,194.45,192.88,192.32,192.87
662,0.3919,0.0,0.933,0.067,192.00,192.59,192.62,194.45,192.88,192.32,192.87
663,-0.2732,0.065,0.935,0.0,191.53,192.71,192.4,193.42,194.77,195.08,195.69
664,-0.2732,0.062,0.938,0.0,191.53,192.71,192.4,193.42,194.77,195.08,195.69
665,0.4019,0.0,0.926,0.074,193.05,192.4,194.77,195.08,195.69,193.62,191.76
666,0.1779,0.131,0.69,0.179,193.10,193.42,195.08,195.69,193.62,191.76,191.99
667,0.0,0.0,1.0,0.0,191.76,193.62,191.99,192.95,194.2,192.62,191.95
668,0.8225,0.0,0.807,0.193,192.18,191.99,194.2,192.62,191.95,189.7,188.65
669,0.8225,0.0,0.811,0.189,192.18,191.99,194.2,192.62,191.95,189.7,188.65
670,0.8225,0.0,0.807,0.193,192.18,191.99,194.2,192.62,191.95,189.7,188.65
671,0.8225,0.0,0.811,0.189,192.18,191.99,194.2,192.62,191.95,189.7,188.65
672,-0.2023,0.067,0.933,0.0,191.75,190.07,191.98,191.23,192.88,193.49,190.29
673,-0.2023,0.063,0.938,0.0,191.75,190.07,191.98,191.23,192.88,193.49,190.29
674,-0.6369,0.161,0.839,0.0,191.75,190.07,191.98,191.23,192.88,193.49,190.29
675,0.0,0.0,1.0,0.0,190.98,191.98,192.88,193.49,190.29,189.2,190.35
676,0.8225,0.0,0.765,0.235,192.08,191.23,193.49,190.29,189.2,190.35,186.94
677,0.8225,0.0,0.777,0.223,192.08,191.23,193.49,190.29,189.2,190.35,186.94
678,-0.4019,0.063,0.937,0.0,189.14,185.51,189.25,189.64,190.1,191.16,195.07
679,-0.4019,0.06,0.94,0.0,189.14,185.51,189.25,189.64,190.1,191.16,195.07
680,0.0,0.0,1.0,0.0,188.39,188.32,189.64,190.1,191.16,195.07,194.14
681,0.296,0.0,0.932,0.068,191.49,193.27,190.72,191.25,194.4,193.36,194.96
682,0.296,0.0,0.936,0.064,191.49,193.27,190.72,191.25,194.4,193.36,194.96
683,0.0,0.0,1.0,0.0,193.71,194.4,194.96,200.63,211.0,208.93,207.8
684,0.25,0.0,0.935,0.065,195.29,193.36,200.63,211.0,208.93,207.8,205.76
685,0.25,0.0,0.939,0.061,195.29,193.36,200.63,211.0,208.93,207.8,205.76
686,-0.5927,0.107,0.893,0.0,199.91,194.96,211.0,208.93,207.8,205.76,205.82
687,-0.4019,0.09,0.837,0.073,199.91,194.96,211.0,208.93,207.8,205.76,205.82
688,-0.4019,0.099,0.821,0.081,199.91,194.96,211.0,208.93,207.8,205.76,205.82
689,-0.3612,0.238,0.762,0.0,199.91,194.96,211.0,208.93,207.8,205.76,205.82
690,-0.3612,0.238,0.762,0.0,199.91,194.96,211.0,208.93,207.8,205.76,205.82
691,0.0387,0.139,0.673,0.187,199.91,194.96,211.0,208.93,207.8,205.76,205.82
692,-0.4019,0.156,0.844,0.0,199.91,194.96,211.0,208.93,207.8,205.76,205.82
693,-0.4404,0.099,0.851,0.05,199.91,194.96,211.0,208.93,207.8,205.76,205.82
694,-0.0258,0.03,0.97,0.0,199.91,194.96,211.0,208.93,207.8,205.76,205.82
695,0.0,0.0,0.0,0.0,199.91,194.96,211.0,208.93,207.8,205.76,205.82
696,0.6124,0.045,0.767,0.188,201.21,200.63,208.93,207.8,205.76,205.82,207.99
697,0.0,0.0,1.0,0.0,201.21,200.63,208.93,207.8,205.76,205.82,207.99
698,0.3818,0.0,0.88,0.12,201.21,200.63,208.93,207.8,205.76,205.82,207.99
699,0.2732,0.038,0.895,0.066,201.21,200.63,208.93,207.8,205.76,205.82,207.99
700,0.34,0.105,0.659,0.236,201.21,200.63,208.93,207.8,205.76,205.82,207.99
701,-0.296,0.073,0.887,0.04,208.88,208.93,205.76,205.82,207.99,209.82,210.59
702,-0.296,0.069,0.893,0.038,208.88,208.93,205.76,205.82,207.99,209.82,210.59
703,0.0,0.0,1.0,0.0,204.37,205.91,204.98,205.29,205.98,206.18,206.43
704,0.0,0.0,1.0,0.0,204.37,205.91,204.98,205.29,205.98,206.18,206.43
705,0.0,0.0,1.0,0.0,204.37,205.91,204.98,205.29,205.98,206.18,206.43
706,0.0,0.0,1.0,0.0,205.05,204.0,205.29,205.98,206.18,206.43,207.07
707,0.6444,0.0,0.808,0.192,205.02,205.29,206.18,206.43,207.07,207.15,206.81
708,0.6444,0.0,0.824,0.176,205.02,205.29,206.18,206.43,207.07,207.15,206.81
709,0.9081,0.0,0.668,0.332,194.31,194.85,195.08,194.87,195.69,197.77,195.7
710,-0.4215,0.135,0.803,0.062,195.13,195.08,195.69,197.77,195.7,197.25,198.65
711,-0.4215,0.128,0.813,0.059,195.13,195.08,195.69,197.77,195.7,197.25,198.65
712,0.3182,0.0,0.938,0.062,195.56,194.87,197.77,195.7,197.25,198.65,200.5
713,0.2732,0.0,0.896,0.104,195.56,194.87,197.77,195.7,197.25,198.65,200.5
714,0.296,0.0,0.872,0.128,195.56,194.87,197.77,195.7,197.25,198.65,200.5
715,0.5267,0.0,0.855,0.145,201.08,201.22,198.4,198.29,199.01,199.29,198.42
716,0.5267,0.0,0.864,0.136,201.08,201.22,198.4,198.29,199.01,199.29,198.42
717,0.8402,0.0,0.75,0.25,198.88,198.29,199.29,198.42,199.03,199.93,198.76
718,0.8402,0.0,0.763,0.237,198.88,198.29,199.29,198.42,199.03,199.93,198.76
719,0.0,0.0,1.0,0.0,198.88,199.01,198.42,199.03,199.93,198.76,198.52
720,0.0,0.0,1.0,0.0,198.88,199.01,198.42,199.03,199.93,198.76,198.52
721,0.8555,0.0,0.771,0.229,196.96,195.18,196.68,196.39,193.95,191.08,190.34
722,0.8316,0.051,0.805,0.144,196.96,195.18,196.68,196.39,193.95,191.08,190.34
723,0.8555,0.0,0.771,0.229,196.50,195.98,196.39,193.95,191.08,190.34,190.83
724,0.8316,0.051,0.805,0.144,196.50,195.98,196.39,193.95,191.08,190.34,190.83
725,-0.1531,0.046,0.954,0.0,196.50,195.98,196.39,193.95,191.08,190.34,190.83
726,0.2263,0.068,0.836,0.096,193.49,193.95,190.34,190.83,192.45,195.34,188.25
727,-0.25,0.079,0.87,0.052,194.09,192.45,188.25,183.65,184.79,186.01,183.09
728,-0.0516,0.081,0.815,0.104,194.09,192.45,188.25,183.65,184.79,186.01,183.09
729,0.1779,0.0,0.948,0.052,194.09,192.45,188.25,183.65,184.79,186.01,183.09
730,0.3182,0.0,0.919,0.081,194.09,192.45,188.25,183.65,184.79,186.01,183.09
731,0.3182,0.0,0.916,0.084,193.40,195.34,183.65,184.79,186.01,183.09,185.25
732,-0.4215,0.085,0.915,0.0,193.40,195.34,183.65,184.79,186.01,183.09,185.25
733,0.8176,0.0,0.73,0.27,184.25,183.09,186.26,189.67,191.41,195.29,195.93
734,0.7003,0.0,0.842,0.158,196.36,195.83,191.4,193.0,191.95,192.86,193.7
735,0.6908,0.0,0.843,0.157,199.07,193.39,198.93,198.29,199.1,195.1,193.1
736,-0.765,0.126,0.842,0.032,199.07,193.39,198.93,198.29,199.1,195.1,193.1
737,0.6124,0.018,0.908,0.074,198.83,198.93,199.1,195.1,193.1,194.55,192.51
738,-0.6369,0.137,0.8,0.063,194.36,193.1,192.51,195.14,194.44,193.99,189.2
739,-0.1027,0.177,0.675,0.149,194.36,193.1,192.51,195.14,194.44,193.99,189.2
740,0.5106,0.0,0.946,0.054,194.10,192.9,196.46,194.3,196.09,196.12,196.82
741,0.6222,0.044,0.787,0.169,194.80,194.53,194.3,196.09,196.12,196.82,197.76
742,0.8516,0.0,0.769,0.231,199.67,197.89,199.04,199.44,201.17,200.6,201.23
743,0.8516,0.0,0.769,0.231,199.42,199.73,199.44,201.17,200.6,201.23,201.48
744,0.5423,0.067,0.729,0.204,199.42,199.73,199.44,201.17,200.6,201.23,201.48
745,0.5423,0.063,0.745,0.192,199.42,199.73,199.44,201.17,200.6,201.23,201.48
746,0.5423,0.063,0.745,0.192,199.42,199.73,199.44,201.17,200.6,201.23,201.48
747,-0.1139,0.098,0.828,0.075,202.02,203.57,198.62,199.6,199.51,200.13,207.45
748,0.296,0.0,0.896,0.104,202.02,203.57,198.62,199.6,199.51,200.13,207.45
749,0.8591,0.0,0.753,0.247,200.03,199.51,207.45,202.72,202.8,205.32,202.58
750,0.8591,0.0,0.753,0.247,200.03,199.51,207.45,202.72,202.8,205.32,202.58
751,-0.4404,0.163,0.767,0.07,200.03,199.51,207.45,202.72,202.8,205.32,202.58
752,0.296,0.065,0.833,0.101,200.03,199.51,207.45,202.72,202.8,205.32,202.58
753,-0.296,0.087,0.913,0.0,200.03,199.51,207.45,202.72,202.8,205.32,202.58
754,0.8555,0.035,0.714,0.251,202.43,200.13,202.72,202.8,205.32,202.58,202.33
755,0.8555,0.033,0.727,0.24,202.43,200.13,202.72,202.8,205.32,202.58,202.33
756,0.4404,0.0,0.903,0.097,202.43,200.13,202.72,202.8,205.32,202.58,202.33
757,0.6597,0.044,0.785,0.172,202.43,200.13,202.72,202.8,205.32,202.58,202.33
758,0.6597,0.044,0.785,0.172,202.43,200.13,202.72,202.8,205.32,202.58,202.33
759,0.4215,0.049,0.844,0.107,202.43,200.13,202.72,202.8,205.32,202.58,202.33
760,0.0,0.0,1.0,0.0,202.43,200.13,202.72,202.8,205.32,202.58,202.33
761,0.0,0.0,1.0,0.0,202.43,200.13,202.72,202.8,205.32,202.58,202.33
762,0.0,0.0,1.0,0.0,202.43,200.13,202.72,202.8,205.32,202.58,202.33
763,0.34,0.0,0.936,0.064,202.43,200.13,202.72,202.8,205.32,202.58,202.33
764,0.0,0.0,1.0,0.0,204.57,207.45,202.8,205.32,202.58,202.33,204.94
765,0.6808,0.04,0.798,0.162,204.57,207.45,202.8,205.32,202.58,202.33,204.94
766,0.0,0.0,1.0,0.0,204.57,207.45,202.8,205.32,202.58,202.33,204.94
767,0.3818,0.0,0.925,0.075,202.80,205.32,202.33,204.94,205.47,206.05,209.5
768,0.3818,0.0,0.929,0.071,202.80,205.32,202.33,204.94,205.47,206.05,209.5
769,0.34,0.05,0.864,0.086,205.89,205.48,204.69,204.25,205.72,206.01,206.0
770,0.7184,0.0,0.833,0.167,204.00,205.49,204.25,205.72,206.01,206.0,204.72
771,0.7184,0.0,0.841,0.159,204.00,205.49,204.25,205.72,206.01,206.0,204.72
772,0.7184,0.0,0.841,0.159,204.32,204.69,205.72,206.01,206.0,204.72,203.78
773,0.0,0.0,1.0,0.0,207.03,206.01,204.72,203.78,201.0,200.62,199.81
774,0.3818,0.0,0.809,0.191,201.72,203.78,200.62,199.81,197.77,197.26,200.66
775,0.1893,0.0,0.952,0.048,197.75,197.98,197.76,197.61,193.87,193.39,193.42
776,0.296,0.057,0.811,0.132,190.48,187.48,191.15,192.18,194.56,191.58,194.05
777,0.3818,0.0,0.729,0.271,190.48,187.48,191.15,192.18,194.56,191.58,194.05
778,0.296,0.054,0.823,0.123,190.48,187.48,191.15,192.18,194.56,191.58,194.05
779,0.5106,0.0,0.852,0.148,182.02,180.94,177.06,177.95,181.31,181.48,185.24
780,-0.9607,0.371,0.581,0.048,187.82,186.62,187.35,187.38,183.35,182.24,187.25
781,0.2023,0.0,0.917,0.083,187.49,188.75,187.38,183.35,182.24,187.25,187.32
782,0.2023,0.0,0.924,0.076,187.49,188.75,187.38,183.35,182.24,187.25,187.32
783,0.0,0.0,1.0,0.0,187.49,188.75,187.38,183.35,182.24,187.25,187.32
784,0.0,0.0,1.0,0.0,187.49,188.75,187.38,183.35,182.24,187.25,187.32
785,0.0,0.0,1.0,0.0,187.49,188.75,187.38,183.35,182.24,187.25,187.32
786,0.5719,0.0,0.896,0.104,187.49,188.75,187.38,183.35,182.24,187.25,187.32
787,0.4939,0.0,0.897,0.103,189.17,187.35,183.35,182.24,187.25,187.32,186.38
788,0.4939,0.0,0.897,0.103,189.17,187.35,183.35,182.24,187.25,187.32,186.38
789,0.4939,0.0,0.904,0.096,189.17,187.35,183.35,182.24,187.25,187.32,186.38
790,0.4588,0.124,0.691,0.185,184.99,186.34,180.36,182.25,181.63,177.25,177.39
791,0.4754,0.0,0.897,0.103,181.74,181.97,182.25,181.63,177.25,177.39,178.9
792,0.4939,0.0,0.914,0.086,181.74,181.97,182.25,181.63,177.25,177.39,178.9
793,0.0,0.0,1.0,0.0,181.74,181.97,182.25,181.63,177.25,177.39,178.9
794,-0.5994,0.208,0.717,0.075,179.68,177.39,186.59,190.53,186.82,186.12,185.0
795,0.1027,0.126,0.737,0.137,179.68,177.39,186.59,190.53,186.82,186.12,185.0
796,0.0,0.0,1.0,0.0,179.68,177.39,186.59,190.53,186.82,186.12,185.0
797,-0.296,0.056,0.944,0.0,179.68,177.39,186.59,190.53,186.82,186.12,185.0
798,-0.1027,0.086,0.838,0.076,179.68,177.39,186.59,190.53,186.82,186.12,185.0
799,-0.1027,0.121,0.772,0.107,178.00,178.9,190.53,186.82,186.12,185.0,186.62
800,-0.4215,0.177,0.823,0.0,178.00,178.9,190.53,186.82,186.12,185.0,186.62
801,-0.3832,0.11,0.89,0.0,178.00,178.9,190.53,186.82,186.12,185.0,186.62
802,0.6597,0.0,0.833,0.167,189.71,186.59,186.82,186.12,185.0,186.62,182.39
803,0.0,0.0,1.0,0.0,189.71,186.59,186.82,186.12,185.0,186.62,182.39
804,0.7003,0.0,0.804,0.196,186.08,186.12,186.62,182.39,181.69,176.85,174.74
805,0.7003,0.0,0.813,0.187,186.08,186.12,186.62,182.39,181.69,176.85,174.74
806,0.0,0.0,1.0,0.0,177.97,177.55,174.51,169.34,168.62,173.02,174.72
807,0.0,0.0,1.0,0.0,177.97,177.55,174.51,169.34,168.62,173.02,174.72
808,0.0,0.0,1.0,0.0,176.82,177.71,169.34,168.62,173.02,174.72,173.13
809,0.8126,0.0,0.749,0.251,170.96,174.51,168.62,173.02,174.72,173.13,172.99
810,0.3182,0.087,0.742,0.171,168.33,168.62,174.72,173.13,172.99,170.09,167.24
811,0.3182,0.087,0.742,0.171,175.00,173.02,173.13,172.99,170.09,167.24,163.43
812,0.3182,0.083,0.754,0.163,175.00,173.02,173.13,172.99,170.09,167.24,163.43
813,0.1531,0.061,0.861,0.078,175.00,173.02,173.13,172.99,170.09,167.24,163.43
814,0.0,0.0,1.0,0.0,175.00,173.02,173.13,172.99,170.09,167.24,163.43
815,0.0,0.0,1.0,0.0,175.00,173.02,173.13,172.99,170.09,167.24,163.43
816,0.0,0.0,1.0,0.0,175.00,173.02,173.13,172.99,170.09,167.24,163.43
817,-0.1027,0.087,0.81,0.103,175.00,173.02,173.13,172.99,170.09,167.24,163.43
818,0.0,0.0,1.0,0.0,175.00,173.02,173.13,172.99,170.09,167.24,163.43
819,-0.6486,0.474,0.526,0.0,175.00,173.02,173.13,172.99,170.09,167.24,163.43
820,-0.6486,0.412,0.588,0.0,175.00,173.02,173.13,172.99,170.09,167.24,163.43
821,0.4215,0.0,0.884,0.116,164.01,167.24,162.42,161.37,165.25,167.31,165.11
822,0.631,0.025,0.87,0.105,164.01,167.24,162.42,161.37,165.25,167.31,165.11
823,0.2023,0.0,0.938,0.063,163.64,163.43,161.37,165.25,167.31,165.11,166.98
824,0.8402,0.0,0.7,0.3,163.64,163.43,161.37,165.25,167.31,165.11,166.98
825,0.8402,0.0,0.719,0.281,163.64,163.43,161.37,165.25,167.31,165.11,166.98
826,0.4939,0.0,0.897,0.103,172.71,170.33,172.51,172.62,169.14,165.58,166.76
827,0.4939,0.0,0.904,0.096,172.71,170.33,172.51,172.62,169.14,165.58,166.76
828,0.7845,0.0,0.777,0.223,172.71,170.33,172.51,172.62,169.14,165.58,166.76
829,0.0,0.0,1.0,0.0,172.71,170.33,172.51,172.62,169.14,165.58,166.76
830,0.5719,0.071,0.735,0.194,172.71,170.33,172.51,172.62,169.14,165.58,166.76
831,0.2732,0.056,0.858,0.086,173.29,171.91,172.62,169.14,165.58,166.76,164.32
832,0.3919,0.054,0.828,0.118,164.85,169.14,166.76,164.32,158.98,157.54,163.83
833,0.7269,0.066,0.687,0.248,167.52,165.58,164.32,158.98,157.54,163.83,171.48
834,-0.7269,0.236,0.764,0.0,160.65,164.32,157.54,163.83,171.48,171.24,172.99
835,0.1027,0.0,0.833,0.167,160.65,164.32,157.54,163.83,171.48,171.24,172.99
836,0.1027,0.0,0.833,0.167,160.65,164.32,157.54,163.83,171.48,171.24,172.99
837,0.0,0.0,1.0,0.0,160.65,164.32,157.54,163.83,171.48,171.24,172.99
838,0.0,0.0,1.0,0.0,160.65,164.32,157.54,163.83,171.48,171.24,172.99
839,0.6486,0.0,0.488,0.512,160.65,164.32,157.54,163.83,171.48,171.24,172.99
840,-0.1531,0.11,0.89,0.0,160.65,164.32,157.54,163.83,171.48,171.24,172.99
841,0.4939,0.05,0.826,0.124,161.35,158.98,163.83,171.48,171.24,172.99,168.2
842,0.4939,0.0,0.906,0.094,161.35,158.98,163.83,171.48,171.24,172.99,168.2
843,0.4939,0.0,0.901,0.099,161.35,158.98,163.83,171.48,171.24,172.99,168.2
844,0.2732,0.0,0.949,0.051,161.35,158.98,163.83,171.48,171.24,172.99,168.2
845,0.296,0.0,0.855,0.145,161.35,158.98,163.83,171.48,171.24,172.99,168.2
846,-0.4215,0.069,0.931,0.0,162.17,157.54,171.48,171.24,172.99,168.2,166.73
847,0.296,0.0,0.855,0.145,162.17,157.54,171.48,171.24,172.99,168.2,166.73
848,-0.7783,0.238,0.762,0.0,162.17,157.54,171.48,171.24,172.99,168.2,166.73
849,0.0,0.0,1.0,0.0,162.17,157.54,171.48,171.24,172.99,168.2,166.73
850,0.0,0.0,1.0,0.0,162.17,157.54,171.48,171.24,172.99,168.2,166.73
851,0.2732,0.0,0.949,0.051,162.17,157.54,171.48,171.24,172.99,168.2,166.73
852,0.0,0.0,1.0,0.0,162.17,157.54,171.48,171.24,172.99,168.2,166.73
853,0.0,0.0,1.0,0.0,162.17,157.54,171.48,171.24,172.99,168.2,166.73
854,0.0,0.0,1.0,0.0,162.17,157.54,171.48,171.24,172.99,168.2,166.73
855,0.0,0.0,1.0,0.0,162.17,157.54,171.48,171.24,172.99,168.2,166.73
856,0.1531,0.0,0.873,0.127,172.19,171.24,168.2,166.73,162.54,170.61,166.22
857,0.1779,0.142,0.655,0.204,168.50,168.2,162.54,170.61,166.22,172.98,171.48
858,-0.7506,0.235,0.686,0.078,168.50,168.2,162.54,170.61,166.22,172.98,171.48
859,0.296,0.0,0.879,0.121,164.10,166.73,170.61,166.22,172.98,171.48,178.83
860,0.6808,0.0,0.577,0.423,164.10,166.73,170.61,166.22,172.98,171.48,178.83
861,-0.1779,0.131,0.79,0.079,164.10,166.73,170.61,166.22,172.98,171.48,178.83
862,-0.7783,0.238,0.708,0.054,181.06,181.8,182.93,183.7,185.18,184.9,183.65
863,0.6486,0.0,0.588,0.412,181.06,181.8,182.93,183.7,185.18,184.9,183.65
864,0.0,0.0,0.0,0.0,181.06,181.8,182.93,183.7,185.18,184.9,183.65
865,0.4215,0.079,0.734,0.186,182.01,181.35,183.7,185.18,184.9,183.65,185.21
866,0.4404,0.0,0.756,0.244,182.01,181.35,183.7,185.18,184.9,183.65,185.21
867,0.743,0.0,0.809,0.191,182.01,181.35,183.7,185.18,184.9,183.65,185.21
868,0.7003,0.0,0.784,0.216,182.01,181.35,183.7,185.18,184.9,183.65,185.21
869,0.7003,0.0,0.799,0.201,182.01,181.35,183.7,185.18,184.9,183.65,185.21
870,0.7096,0.0,0.718,0.282,182.94,182.93,185.18,184.9,183.65,185.21,175.28
871,0.2263,0.162,0.638,0.2,182.94,182.93,185.18,184.9,183.65,185.21,175.28
872,-0.4404,0.438,0.562,0.0,183.89,183.7,184.9,183.65,185.21,175.28,175.54
873,-0.7096,0.457,0.543,0.0,183.89,183.7,184.9,183.65,185.21,175.28,175.54
874,-0.4404,0.438,0.562,0.0,183.89,183.7,184.9,183.65,185.21,175.28,175.54
875,0.0516,0.054,0.887,0.06,183.89,183.7,184.9,183.65,185.21,175.28,175.54
876,0.0,0.0,1.0,0.0,184.64,185.18,183.65,185.21,175.28,175.54,174.23
877,0.4779,0.075,0.753,0.172,184.64,185.18,183.65,185.21,175.28,175.54,174.23
878,0.3818,0.061,0.812,0.127,184.64,185.18,183.65,185.21,175.28,175.54,174.23
879,0.0772,0.0,0.909,0.091,184.64,185.18,183.65,185.21,175.28,175.54,174.23
880,0.6369,0.0,0.852,0.148,184.64,185.18,183.65,185.21,175.28,175.54,174.23
881,0.705,0.06,0.749,0.191,184.64,185.18,183.65,185.21,175.28,175.54,174.23
882,0.0352,0.144,0.709,0.148,183.59,184.9,185.21,175.28,175.54,174.23,174.32
883,0.0,0.143,0.714,0.143,183.59,184.9,185.21,175.28,175.54,174.23,174.32
884,-0.7003,0.142,0.858,0.0,183.59,184.9,185.21,175.28,175.54,174.23,174.32
885,0.3818,0.0,0.794,0.206,183.59,184.9,185.21,175.28,175.54,174.23,174.32
886,0.6369,0.0,0.852,0.148,183.59,184.9,185.21,175.28,175.54,174.23,174.32
887,0.296,0.0,0.937,0.063,183.59,184.9,185.21,175.28,175.54,174.23,174.32
888,0.296,0.0,0.941,0.059,183.59,184.9,185.21,175.28,175.54,174.23,174.32
889,0.0,0.0,1.0,0.0,183.59,184.9,185.21,175.28,175.54,174.23,174.32
890,-0.5267,0.136,0.864,0.0,183.59,184.9,185.21,175.28,175.54,174.23,174.32
891,0.743,0.059,0.709,0.232,183.59,184.9,185.21,175.28,175.54,174.23,174.32
892,0.9538,0.046,0.527,0.426,183.84,183.65,175.28,175.54,174.23,174.32,174.05
893,0.0,0.0,1.0,0.0,183.84,183.65,175.28,175.54,174.23,174.32,174.05
894,0.0,0.0,1.0,0.0,183.84,183.65,175.28,175.54,174.23,174.32,174.05
895,-0.3818,0.12,0.88,0.0,183.84,183.65,175.28,175.54,174.23,174.32,174.05
896,0.0,0.0,1.0,0.0,183.84,183.65,175.28,175.54,174.23,174.32,174.05
897,0.0,0.0,1.0,0.0,183.84,183.65,175.28,175.54,174.23,174.32,174.05
898,0.0,0.0,1.0,0.0,183.84,183.65,175.28,175.54,174.23,174.32,174.05
899,0.0,0.0,1.0,0.0,183.84,183.65,175.28,175.54,174.23,174.32,174.05
900,0.0,0.0,1.0,0.0,183.84,183.65,175.28,175.54,174.23,174.32,174.05
901,-0.1877,0.068,0.932,0.0,183.84,183.65,175.28,175.54,174.23,174.32,174.05
902,0.5574,0.0,0.66,0.34,178.74,185.21,175.54,174.23,174.32,174.05,174.99
903,-0.5423,0.263,0.563,0.174,178.74,185.21,175.54,174.23,174.32,174.05,174.99
904,-0.5095,0.091,0.909,0.0,178.74,185.21,175.54,174.23,174.32,174.05,174.99
905,0.0,0.0,1.0,0.0,178.74,185.21,175.54,174.23,174.32,174.05,174.99
906,0.4062,0.066,0.811,0.123,178.74,185.21,175.54,174.23,174.32,174.05,174.99
907,0.0,0.0,1.0,0.0,178.74,185.21,175.54,174.23,174.32,174.05,174.99
908,-0.296,0.196,0.804,0.0,178.74,185.21,175.54,174.23,174.32,174.05,174.99
909,-0.296,0.18,0.82,0.0,178.74,185.21,175.54,174.23,174.32,174.05,174.99
910,-0.296,0.18,0.82,0.0,178.74,185.21,175.54,174.23,174.32,174.05,174.99
911,-0.7184,0.179,0.78,0.041,175.08,175.54,174.32,174.05,174.99,176.49,176.48
912,-0.7184,0.171,0.789,0.039,175.08,175.54,174.32,174.05,174.99,176.49,176.48
913,-0.25,0.168,0.718,0.114,174.40,174.23,174.05,174.99,176.49,176.48,177.71
914,0.0,0.0,1.0,0.0,174.40,174.23,174.05,174.99,176.49,176.48,177.71
915,0.4404,0.0,0.878,0.122,174.90,174.32,174.99,176.49,176.48,177.71,175.43
916,0.4404,0.0,0.791,0.209,174.90,174.32,174.99,176.49,176.48,177.71,175.43
917,0.5994,0.0,0.83,0.17,174.90,174.32,174.99,176.49,176.48,177.71,175.43
